"Generation 0",0.5,0.5,0.5,0.5,0.5,0.5,0.5,0.5,0.5,0.5,0.5,0.5,0.5,0.5,0.5,0.5,0.5486725541666952,0.5486725541666952,0.5,0.5,0.5,0.5,0.5438684276735348,0.5438684276735348,0.5,0.5,0.5,0.5,0.5,0.5,0.5,0.5,0.5,0.5,0.5,0.5,0.5,0.5,0.5,0.5,0.5,0.5,0.5,0.5,0.5,0.5,0.5,0.5,0.5249245996887771,0.5249245996887771,0.5,0.5,0.5,0.5,0.5337325680440781,0.5337325680440781,0.5,0.5,0.5,0.5,0.5,0.5,0.5,0.5,0.523864281228471,0.523864281228471,0.5,0.5,0.5,0.5,0.5,0.5,0.5,0.5,0.5,0.5,0.5,0.5,0.5,0.5,0.5,0.5,0.5,0.5,0.5,0.5,0.5460488762109534,0.5460488762109534,0.5,0.5,0.8,0.8,0.5,0.5,0.5,0.5,0.5,0.5,0.5,0.5,
"Generation 1",0.5,0.5,0.5,0.5,0.5,0.5,0.5,0.5,0.5,0.5,0.5474892967474465,0.5474892967474465,0.5,0.5,0.5,0.5,0.5,0.5,0.8,0.8,0.5314613050509129,0.5314613050509129,0.5,0.5,0.5,0.5,0.5,0.5,0.5,0.5,0.5,0.5,0.5,0.5,0.5,0.5,0.5,0.5,0.5193473708383134,0.5193473708383134,0.5,0.5,0.5,0.5,0.5,0.5,0.5,0.5,0.5,0.5,0.5,0.5,0.5,0.5,0.8,0.8,0.5494222685043104,0.5494222685043104,0.5178608303459571,0.5178608303459571,0.5,0.5,0.5,0.5,0.5,0.5,0.5,0.5,0.5,0.5,0.5,0.5,0.5,0.5,0.8,0.8,0.5229097410599313,0.5229097410599313,0.5449805116096753,0.5449805116096753,0.5,0.5,0.5,0.5,0.5,0.5,0.5,0.5,0.5,0.5,0.5199652773693938,0.5199652773693938,0.5,0.5,0.5,0.5,0.5,0.5,0.5,0.5,
"Generation 2",0.5,0.5,0.5239085800758101,0.5239085800758101,0.5,0.5,0.5,0.5,0.5,0.5,0.5,0.5,0.5,0.5,0.5,0.5,0.5279614196678111,0.5279614196678111,0.8,0.8,0.5,0.5,0.5,0.5,0.5,0.5,0.502313668986345,0.502313668986345,0.5,0.5,0.5,0.5,0.5,0.5,0.5,0.5,0.5,0.5,0.5,0.5,0.5,0.5,0.5,0.5,0.5,0.5,0.5,0.5,0.5,0.5,0.5427988866172038,0.5427988866172038,0.5,0.5,0.5,0.5,0.5,0.5,0.5,0.5,0.5257759386237284,0.5257759386237284,0.8,0.8,0.5270814755131987,0.5270814755131987,0.5003300715868106,0.5003300715868106,0.5,0.5,0.5,0.5,0.5,0.5,0.5,0.5,0.5,0.5,0.5,0.5,0.5,0.5,0.5,0.5,0.5,0.5,0.5,0.5,0.5,0.5,0.5,0.5,0.8,0.8,0.5,0.5,0.5,0.5,0.5281623470103237,0.5281623470103237,
"Generation 3",0.5390585862008013,0.5390585862008013,0.5,0.5,0.5,0.5,0.5,0.5,0.5,0.5,0.5,0.5,0.5,0.5,0.5,0.5,0.5,0.5,0.5,0.5,0.5,0.5,0.5343896293068255,0.5343896293068255,0.5,0.5,0.5469747451548927,0.5469747451548927,0.5,0.5,0.5,0.5,0.5,0.5,0.5,0.5,0.5,0.5,0.5,0.5,0.5,0.5,0.5,0.5,0.5,0.5,0.5,0.5,0.5,0.5,0.5,0.5,0.5,0.5,0.5,0.5,0.5,0.5,0.5,0.5,0.5,0.5,0.5,0.5,0.5,0.5,0.5,0.5,0.5,0.5,0.5,0.5,0.5,0.5,0.5,0.5,0.5,0.5,0.5,0.5,0.5,0.5,0.5,0.5,0.5,0.5,0.8,0.8,0.5,0.5,0.5,0.5,0.5,0.5,0.5,0.5,0.8,0.8,0.5,0.5,
"Generation 4",0.5,0.5,0.5,0.5,0.5,0.5,0.5,0.5,0.5,0.5,0.5,0.5,0.5178719610113145,0.5178719610113145,0.5,0.5,0.5,0.5,0.5,0.5,0.5,0.5,0.5098605885823957,0.5098605885823957,0.5183882467702337,0.5183882467702337,0.5312890799354766,0.5312890799354766,0.5,0.5,0.5,0.5,0.5,0.5,0.5,0.5,0.5,0.5,0.5,0.5,0.5,0.5,0.5,0.5,0.5,0.5,0.5,0.5,0.5,0.5,0.5,0.5,0.5,0.5,0.5,0.5,0.5,0.5,0.5,0.5,0.5,0.5,0.5,0.5,0.5282313119682751,0.5282313119682751,0.5319149957400067,0.5319149957400067,0.5,0.5,0.5,0.5,0.5,0.5,0.5,0.5,0.5224555863938511,0.5224555863938511,0.5,0.5,0.5,0.5,0.5,0.5,0.5,0.5,0.8,0.8,0.5,0.5,0.5372311294250647,0.5372311294250647,0.5,0.5,0.5,0.5,0.5,0.5,0.5,0.5,
"Generation 5",0.5,0.5,0.5,0.5,0.5,0.5,0.5,0.5,0.5,0.5,0.5,0.5,0.5,0.5,0.5,0.5,0.5,0.5,0.5,0.5,0.5,0.5,0.5,0.5,0.5386357294504274,0.5386357294504274,0.5311836010789857,0.5311836010789857,0.8,0.8,0.5416544326035566,0.5416544326035566,0.5,0.5,0.5,0.5,0.5,0.5,0.5,0.5,0.5,0.5,0.5,0.5,0.5,0.5,0.5,0.5,0.5278278398630973,0.5278278398630973,0.5306261783770618,0.5306261783770618,0.5,0.5,0.5,0.5,0.5,0.5,0.5,0.5,0.5,0.5,0.5,0.5,0.5,0.5,0.5,0.5,0.5,0.5,0.5,0.5,0.5,0.5,0.5457329755040005,0.5457329755040005,0.5399055910799351,0.5399055910799351,0.5,0.5,0.5,0.5,0.5,0.5,0.5,0.5,0.8,0.8,0.5,0.5,0.5,0.5,0.5,0.5,0.5,0.5,0.5,0.5,0.5,0.5,
"Generation 6",0.5,0.5,0.5,0.5,0.5,0.5,0.5,0.5,0.5,0.5,0.5098050071632387,0.5098050071632387,0.5,0.5,0.5,0.5,0.5,0.5,0.5,0.5,0.5,0.5,0.5,0.5,0.5,0.5,0.5,0.5,0.5,0.5,0.5,0.5,0.5,0.5,0.5,0.5,0.5,0.5,0.5,0.5,0.5,0.5,0.5,0.5,0.5,0.5,0.5,0.5,0.5,0.5,0.5154704003539163,0.5154704003539163,0.5,0.5,0.5466900371572375,0.5466900371572375,0.5,0.5,0.5,0.5,0.5,0.5,0.8,0.8,0.5,0.5,0.5,0.5,0.5,0.5,0.5362470588176245,0.5362470588176245,0.5,0.5,0.5,0.5,0.5,0.5,0.5235593122961408,0.5235593122961408,0.5,0.5,0.5,0.5,0.5,0.5,0.5,0.5,0.5,0.5,0.5,0.5,0.5,0.5,0.5449764325460733,0.5449764325460733,0.5,0.5,0.5,0.5,
"Generation 7",0.5,0.5,0.5,0.5,0.5201063575778246,0.5201063575778246,0.5,0.5,0.5,0.5,0.5,0.5,0.5,0.5,0.5,0.5,0.5,0.5,0.5,0.5,0.5,0.5,0.8,0.8,0.5268945134321859,0.5268945134321859,0.5,0.5,0.5257579735488178,0.5257579735488178,0.5,0.5,0.5497770165915271,0.5497770165915271,0.5,0.5,0.5,0.5,0.5,0.5,0.5389608514132589,0.5389608514132589,0.5,0.5,0.8,0.8,0.5,0.5,0.5,0.5,0.5,0.5,0.5,0.5,0.5,0.5,0.5,0.5,0.8,0.8,0.5,0.5,0.5,0.5,0.5,0.5,0.5,0.5,0.5,0.5,0.5,0.5,0.5454629030607963,0.5454629030607963,0.5,0.5,0.5397466927152661,0.5397466927152661,0.5,0.5,0.5,0.5,0.5,0.5,0.5,0.5,0.5,0.5,0.5,0.5,0.5198750483322514,0.5198750483322514,0.5,0.5,0.5,0.5,0.5,0.5,0.5,0.5,
"Generation 8",0.8,0.8,0.5,0.5,0.5,0.5,0.5,0.5,0.5,0.5,0.5,0.5,0.5,0.5,0.8,0.8,0.5,0.5,0.5,0.5,0.5220246240065598,0.5220246240065598,0.5,0.5,0.5,0.5,0.5,0.5,0.5485848771487181,0.5485848771487181,0.5,0.5,0.5,0.5,0.5,0.5,0.5,0.5,0.5,0.5,0.5,0.5,0.5334529463928193,0.5334529463928193,0.5,0.5,0.5,0.5,0.5,0.5,0.5,0.5,0.5,0.5,0.5,0.5,0.5,0.5,0.5,0.5,0.5,0.5,0.5,0.5,0.5494495963478732,0.5494495963478732,0.5491678583888204,0.5491678583888204,0.5,0.5,0.5,0.5,0.5,0.5,0.5,0.5,0.5,0.5,0.5,0.5,0.5,0.5,0.5247583995436453,0.5247583995436453,0.5,0.5,0.5,0.5,0.5,0.5,0.5,0.5,0.5,0.5,0.5,0.5,0.5,0.5,0.5387750307679926,0.5387750307679926,
"Generation 9",0.5,0.5,0.5,0.5,0.5,0.5,0.5,0.5,0.5325614036084718,0.5325614036084718,0.5,0.5,0.5,0.5,0.5,0.5,0.5,0.5,0.5,0.5,0.5,0.5,0.5,0.5,0.5,0.5,0.5,0.5,0.5,0.5,0.5,0.5,0.5431815382659602,0.5431815382659602,0.5,0.5,0.5,0.5,0.5,0.5,0.5,0.5,0.5,0.5,0.5113976863277339,0.5113976863277339,0.5392150271003511,0.5392150271003511,0.5,0.5,0.5,0.5,0.5,0.5,0.5,0.5,0.5,0.5,0.5,0.5,0.5,0.5,0.5,0.5,0.5,0.5,0.5,0.5,0.5,0.5,0.5,0.5,0.5,0.5,0.5,0.5,0.5,0.5,0.5,0.5,0.5,0.5,0.5,0.5,0.5,0.5,0.5,0.5,0.5,0.5,0.5110386067029917,0.5110386067029917,0.5452999612870127,0.5452999612870127,0.5209450823889235,0.5209450823889235,0.5,0.5,0.5,0.5,
"Generation 10",0.51419224694498,0.51419224694498,0.5255194911617675,0.5255194911617675,0.5,0.5,0.5338513402012126,0.5338513402012126,0.5,0.5,0.5,0.5,0.5,0.5,0.5,0.5,0.5,0.5,0.5,0.5,0.5,0.5,0.5155377872277144,0.5155377872277144,0.546088789012271,0.546088789012271,0.5,0.5,0.5,0.5,0.5,0.5,0.5,0.5,0.5,0.5,0.5,0.5,0.5358690080929485,0.5358690080929485,0.5,0.5,0.5,0.5,0.5,0.5,0.5,0.5,0.5,0.5,0.5,0.5,0.5,0.5,0.5,0.5,0.5,0.5,0.5,0.5,0.5,0.5,0.5,0.5,0.5,0.5,0.5,0.5,0.5410108028945431,0.5410108028945431,0.5,0.5,0.5,0.5,0.5,0.5,0.5,0.5,0.5,0.5,0.5,0.5,0.5,0.5,0.5,0.5,0.5,0.5,0.5,0.5,0.5,0.5,0.5452999612870127,0.5452999612870127,0.5356335634702492,0.5356335634702492,0.5,0.5,0.5,0.5,
"Generation 11",0.546088789012271,0.546088789012271,0.5,0.5,0.5,0.5,0.5,0.5,0.5,0.5,0.5,0.5,0.5,0.5,0.5,0.5,0.5,0.5,0.5,0.5,0.5,0.5,0.5,0.5,0.5,0.5,0.5,0.5,0.5,0.5,0.5,0.5,0.5436500216490467,0.5436500216490467,0.5315071095227588,0.5315071095227588,0.8,0.8,0.5,0.5,0.8,0.8,0.5,0.5,0.5,0.5,0.5,0.5,0.5117080138115913,0.5117080138115913,0.5,0.5,0.5398437868626846,0.5398437868626846,0.5,0.5,0.5,0.5,0.5,0.5,0.528104044628426,0.528104044628426,0.5,0.5,0.5,0.5,0.5,0.5,0.5,0.5,0.5,0.5,0.5249730074221634,0.5249730074221634,0.5,0.5,0.5,0.5,0.5,0.5,0.5,0.5,0.5,0.5,0.5,0.5,0.5,0.5,0.5,0.5,0.5,0.5,0.8,0.8,0.5,0.5,0.5,0.5,0.5,0.5,
"Generation 12",0.8,0.8,0.5,0.5,0.5,0.5,0.5,0.5,0.5,0.5,0.5,0.5,0.5451938381520878,0.5451938381520878,0.5,0.5,0.5,0.5,0.5,0.5,0.5,0.5,0.5,0.5,0.5,0.5,0.5,0.5,0.5,0.5,0.5,0.5,0.5,0.5,0.5498516873514534,0.5498516873514534,0.5,0.5,0.5,0.5,0.5,0.5,0.5,0.5,0.5,0.5,0.538019456439717,0.538019456439717,0.5,0.5,0.5,0.5,0.5,0.5,0.5,0.5,0.5,0.5,0.5,0.5,0.5,0.5,0.5,0.5,0.8,0.8,0.5,0.5,0.5,0.5,0.5,0.5,0.5,0.5,0.5,0.5,0.5,0.5,0.5,0.5,0.5,0.5,0.5,0.5,0.5,0.5,0.5,0.5,0.5,0.5,0.5,0.5,0.5,0.5,0.5,0.5,0.5,0.5,0.5212496046904735,0.5212496046904735,
"Generation 13",0.8,0.8,0.5,0.5,0.5,0.5,0.5,0.5,0.5,0.5,0.5,0.5,0.5,0.5,0.520538290362548,0.520538290362548,0.5,0.5,0.5,0.5,0.5,0.5,0.5,0.5,0.5,0.5,0.5,0.5,0.5,0.5,0.5,0.5,0.5,0.5,0.5,0.5,0.5,0.5,0.5,0.5,0.5,0.5,0.5,0.5,0.5,0.5,0.5,0.5,0.5,0.5,0.5,0.5,0.5,0.5,0.5,0.5,0.5,0.5,0.8,0.8,0.5,0.5,0.5,0.5,0.5,0.5,0.5,0.5,0.5,0.5,0.5,0.5,0.5,0.5,0.5,0.5,0.5444656377008448,0.5444656377008448,0.5,0.5,0.5,0.5,0.5,0.5,0.5,0.5,0.5,0.5,0.5,0.5,0.5174272572664718,0.5174272572664718,0.5,0.5,0.5,0.5,0.5,0.5,0.5302228711859313,0.5302228711859313,
"Generation 14",0.5,0.5,0.8,0.8,0.5,0.5,0.5,0.5,0.5,0.5,0.5,0.5,0.5,0.5,0.5,0.5,0.5,0.5,0.5,0.5,0.5,0.5,0.5,0.5,0.5,0.5,0.5,0.5,0.5,0.5,0.5,0.5,0.5,0.5,0.5,0.5,0.5,0.5,0.5,0.5,0.5453323885847728,0.5453323885847728,0.5,0.5,0.5151250000644068,0.5151250000644068,0.5,0.5,0.5,0.5,0.5,0.5,0.5,0.5,0.5,0.5,0.5,0.5,0.5,0.5,0.5,0.5,0.5,0.5,0.5,0.5,0.5,0.5,0.5,0.5,0.5,0.5,0.5,0.5,0.5,0.5,0.5,0.5,0.5,0.5,0.5,0.5,0.5497517449533902,0.5497517449533902,0.5,0.5,0.5464765535830108,0.5464765535830108,0.5,0.5,0.5,0.5,0.5,0.5,0.5,0.5,0.5,0.5,0.5,0.5,
"Generation 15",0.5,0.5,0.8,0.8,0.5,0.5,0.5135563700667216,0.5135563700667216,0.5,0.5,0.5,0.5,0.5,0.5,0.5,0.5,0.5,0.5,0.5,0.5,0.5,0.5,0.5,0.5,0.5,0.5,0.5,0.5,0.5,0.5,0.5,0.5,0.5,0.5,0.5,0.5,0.5,0.5,0.5,0.5,0.5,0.5,0.5,0.5,0.5,0.5,0.543926749806308,0.543926749806308,0.8,0.8,0.5,0.5,0.5,0.5,0.5,0.5,0.5,0.5,0.5,0.5,0.5,0.5,0.5,0.5,0.8,0.8,0.5,0.5,0.5,0.5,0.5,0.5,0.5,0.5,0.5,0.5,0.5,0.5,0.5,0.5,0.5,0.5,0.5,0.5,0.5,0.5,0.5121447953612521,0.5121447953612521,0.5,0.5,0.5,0.5,0.5373426336882237,0.5373426336882237,0.8,0.8,0.5,0.5,0.5,0.5,
"Generation 16",0.5405942181659504,0.5405942181659504,0.5,0.5,0.5184955621358778,0.5184955621358778,0.5,0.5,0.5,0.5,0.5,0.5,0.5,0.5,0.5,0.5,0.5,0.5,0.5,0.5,0.5,0.5,0.5,0.5,0.5,0.5,0.5,0.5,0.5,0.5,0.5,0.5,0.5,0.5,0.5,0.5,0.8,0.8,0.5229997945657698,0.5229997945657698,0.5310259252870957,0.5310259252870957,0.5455336183124877,0.5455336183124877,0.5,0.5,0.5,0.5,0.5,0.5,0.5273090662863541,0.5273090662863541,0.5,0.5,0.5,0.5,0.5,0.5,0.5,0.5,0.5,0.5,0.5,0.5,0.5,0.5,0.5,0.5,0.5,0.5,0.5491703324285626,0.5491703324285626,0.5416300039087034,0.5416300039087034,0.5372015987373842,0.5372015987373842,0.5,0.5,0.5,0.5,0.5,0.5,0.520268483760492,0.520268483760492,0.5,0.5,0.5,0.5,0.5,0.5,0.5,0.5,0.5,0.5,0.5,0.5,0.532688039786998,0.532688039786998,0.5,0.5,
"Generation 17",0.5,0.5,0.5,0.5,0.5,0.5,0.5,0.5,0.5,0.5,0.5,0.5,0.5220479021423731,0.5220479021423731,0.5,0.5,0.5,0.5,0.5,0.5,0.5,0.5,0.5,0.5,0.5,0.5,0.5,0.5,0.5,0.5,0.5,0.5,0.5,0.5,0.5391929582691797,0.5391929582691797,0.5,0.5,0.5411890065926303,0.5411890065926303,0.5,0.5,0.5,0.5,0.5,0.5,0.5,0.5,0.5434770273149294,0.5434770273149294,0.5,0.5,0.8,0.8,0.5,0.5,0.5,0.5,0.5,0.5,0.518373308688837,0.518373308688837,0.5,0.5,0.5,0.5,0.8,0.8,0.5,0.5,0.5,0.5,0.5,0.5,0.5,0.5,0.5,0.5,0.5,0.5,0.5177452842759471,0.5177452842759471,0.5,0.5,0.5,0.5,0.5,0.5,0.5,0.5,0.5,0.5,0.5,0.5,0.5,0.5,0.5314388133302772,0.5314388133302772,0.5483451720338715,0.5483451720338715,
"Generation 18",0.5,0.5,0.5490856995564739,0.5490856995564739,0.5,0.5,0.5,0.5,0.5,0.5,0.5,0.5,0.5,0.5,0.5367770091597375,0.5367770091597375,0.5,0.5,0.5303631337675194,0.5303631337675194,0.5428524877821204,0.5428524877821204,0.5,0.5,0.5,0.5,0.5,0.5,0.5,0.5,0.5357634304806409,0.5357634304806409,0.5,0.5,0.5,0.5,0.5436515888257647,0.5436515888257647,0.5,0.5,0.5210748101051443,0.5210748101051443,0.5,0.5,0.5,0.5,0.5,0.5,0.5,0.5,0.5,0.5,0.5,0.5,0.5,0.5,0.5,0.5,0.5,0.5,0.5,0.5,0.5,0.5,0.5,0.5,0.5,0.5,0.5,0.5,0.5,0.5,0.5390333898801786,0.5390333898801786,0.5,0.5,0.5,0.5,0.5,0.5,0.5,0.5,0.5,0.5,0.5130993048634751,0.5130993048634751,0.5,0.5,0.5,0.5,0.5,0.5,0.5,0.5,0.5,0.5,0.5,0.5,0.5,0.5,
"Generation 19",0.5,0.5,0.5490856995564739,0.5490856995564739,0.5168603698212024,0.5168603698212024,0.5,0.5,0.5,0.5,0.8,0.8,0.5,0.5,0.5,0.5,0.5,0.5,0.5,0.5,0.5,0.5,0.5,0.5,0.5,0.5,0.5,0.5,0.5368328192970102,0.5368328192970102,0.5,0.5,0.5,0.5,0.5,0.5,0.5,0.5,0.5,0.5,0.5,0.5,0.5,0.5,0.5,0.5,0.5,0.5,0.5,0.5,0.5,0.5,0.5261071145885536,0.5261071145885536,0.5,0.5,0.5,0.5,0.5,0.5,0.5,0.5,0.5,0.5,0.5,0.5,0.5,0.5,0.5,0.5,0.5,0.5,0.8,0.8,0.5,0.5,0.5,0.5,0.5,0.5,0.5,0.5,0.5,0.5,0.5,0.5,0.5,0.5,0.5,0.5,0.5,0.5,0.5,0.5,0.5434388875067463,0.5434388875067463,0.5248965412840239,0.5248965412840239,0.5,0.5,
"Generation 20",0.5,0.5,0.5,0.5,0.5,0.5,0.5446121666782139,0.5446121666782139,0.5,0.5,0.5086472693893054,0.5086472693893054,0.5,0.5,0.5,0.5,0.5,0.5,0.5,0.5,0.5,0.5,0.5,0.5,0.5,0.5,0.5,0.5,0.5,0.5,0.5,0.5,0.5217693160266623,0.5217693160266623,0.5,0.5,0.5,0.5,0.5,0.5,0.5,0.5,0.5,0.5,0.535568641172253,0.535568641172253,0.5,0.5,0.5101082402891342,0.5101082402891342,0.5,0.5,0.5,0.5,0.5,0.5,0.5,0.5,0.5470531465691423,0.5470531465691423,0.5,0.5,0.5330626180575594,0.5330626180575594,0.5,0.5,0.5,0.5,0.5,0.5,0.5,0.5,0.5,0.5,0.5,0.5,0.5,0.5,0.5,0.5,0.5,0.5,0.5,0.5,0.5,0.5,0.5,0.5,0.5,0.5,0.5486993174732135,0.5486993174732135,0.5,0.5,0.5206997648386151,0.5206997648386151,0.5,0.5,0.5,0.5,
"Generation 21",0.5,0.5,0.5,0.5,0.5,0.5,0.5,0.5,0.5,0.5,0.5,0.5,0.5,0.5,0.5,0.5,0.5,0.5,0.5343132963920635,0.5343132963920635,0.5,0.5,0.5,0.5,0.5,0.5,0.5256311396096005,0.5256311396096005,0.5,0.5,0.5,0.5,0.5,0.5,0.8,0.8,0.5,0.5,0.5,0.5,0.5,0.5,0.5,0.5,0.5,0.5,0.5,0.5,0.5433563452289573,0.5433563452289573,0.5,0.5,0.5,0.5,0.531930586628439,0.531930586628439,0.5,0.5,0.5,0.5,0.5,0.5,0.5,0.5,0.5154411342295753,0.5154411342295753,0.5,0.5,0.5,0.5,0.5,0.5,0.5,0.5,0.5,0.5,0.5,0.5,0.5,0.5,0.5,0.5,0.5,0.5,0.5,0.5,0.5,0.5,0.5477348005509333,0.5477348005509333,0.5486993174732135,0.5486993174732135,0.5,0.5,0.5,0.5,0.5,0.5,0.5,0.5,
"Generation 22",0.5,0.5,0.5,0.5,0.5,0.5,0.8,0.8,0.5,0.5,0.5,0.5,0.5,0.5,0.5,0.5,0.5,0.5,0.5,0.5,0.5,0.5,0.5,0.5,0.5,0.5,0.5459755891176139,0.5459755891176139,0.5,0.5,0.5323198851972466,0.5323198851972466,0.5,0.5,0.5,0.5,0.5480947222626623,0.5480947222626623,0.5,0.5,0.5,0.5,0.548288322590487,0.548288322590487,0.5385463877060117,0.5385463877060117,0.5,0.5,0.5,0.5,0.5482607918904125,0.5482607918904125,0.5,0.5,0.5,0.5,0.5,0.5,0.5366100526419364,0.5366100526419364,0.5,0.5,0.5,0.5,0.5,0.5,0.5451503296938712,0.5451503296938712,0.5,0.5,0.5,0.5,0.5,0.5,0.5,0.5,0.5,0.5,0.5,0.5,0.5,0.5,0.5,0.5,0.5,0.5,0.5,0.5,0.5,0.5,0.5404899902293321,0.5404899902293321,0.5,0.5,0.5,0.5,0.5,0.5,0.5,0.5,
"Generation 23",0.5,0.5,0.5,0.5,0.5,0.5,0.5,0.5,0.5,0.5,0.8,0.8,0.5,0.5,0.5,0.5,0.5,0.5,0.5,0.5,0.5452438395774711,0.5452438395774711,0.5464182517967419,0.5464182517967419,0.5,0.5,0.5,0.5,0.5,0.5,0.5045458846076276,0.5045458846076276,0.5,0.5,0.5,0.5,0.5,0.5,0.5,0.5,0.5,0.5,0.5,0.5,0.5259425668307361,0.5259425668307361,0.5,0.5,0.511323553221976,0.511323553221976,0.5,0.5,0.5,0.5,0.5,0.5,0.5,0.5,0.5,0.5,0.5395142850059473,0.5395142850059473,0.5,0.5,0.5,0.5,0.5,0.5,0.5,0.5,0.5,0.5,0.5316201969319008,0.5316201969319008,0.5323410499277192,0.5323410499277192,0.5,0.5,0.5177647690888326,0.5177647690888326,0.5,0.5,0.5,0.5,0.5,0.5,0.5,0.5,0.5,0.5,0.5,0.5,0.5100143294142878,0.5100143294142878,0.5,0.5,0.5,0.5,0.5,0.5,
"Generation 24",0.5,0.5,0.5249010185929408,0.5249010185929408,0.5,0.5,0.5480524480779028,0.5480524480779028,0.5,0.5,0.5,0.5,0.5,0.5,0.5,0.5,0.5,0.5,0.5,0.5,0.5,0.5,0.5,0.5,0.5,0.5,0.5,0.5,0.509444359502793,0.509444359502793,0.5,0.5,0.5,0.5,0.5497708536555151,0.5497708536555151,0.5,0.5,0.5273950254007282,0.5273950254007282,0.5,0.5,0.5,0.5,0.5,0.5,0.5,0.5,0.5,0.5,0.5498614105338484,0.5498614105338484,0.5372002142603227,0.5372002142603227,0.5,0.5,0.5,0.5,0.5,0.5,0.5,0.5,0.5446619322578405,0.5446619322578405,0.5,0.5,0.5,0.5,0.5,0.5,0.5441478638340367,0.5441478638340367,0.5,0.5,0.5,0.5,0.5,0.5,0.5,0.5,0.5,0.5,0.8,0.8,0.5,0.5,0.5214136282039775,0.5214136282039775,0.5,0.5,0.5,0.5,0.5,0.5,0.5298066343904555,0.5298066343904555,0.5,0.5,0.5,0.5,
"Generation 25",0.5,0.5,0.5,0.5,0.5,0.5,0.8,0.8,0.5,0.5,0.5,0.5,0.5,0.5,0.5,0.5,0.5,0.5,0.5,0.5,0.5273906780344276,0.5273906780344276,0.5231848004128226,0.5231848004128226,0.5205478253366584,0.5205478253366584,0.5,0.5,0.5,0.5,0.5,0.5,0.5,0.5,0.5,0.5,0.5,0.5,0.5,0.5,0.5,0.5,0.5,0.5,0.5,0.5,0.5,0.5,0.5,0.5,0.5,0.5,0.5,0.5,0.5,0.5,0.5,0.5,0.5,0.5,0.5,0.5,0.5469588006079356,0.5469588006079356,0.5214974870117914,0.5214974870117914,0.5,0.5,0.5,0.5,0.5,0.5,0.5,0.5,0.5,0.5,0.5,0.5,0.5,0.5,0.5332612428001892,0.5332612428001892,0.5,0.5,0.5,0.5,0.5098235102933595,0.5098235102933595,0.5,0.5,0.5363452018220239,0.5363452018220239,0.5,0.5,0.5,0.5,0.5,0.5,0.5,0.5,
"Generation 26",0.8,0.8,0.5,0.5,0.5,0.5,0.5,0.5,0.5,0.5,0.5,0.5,0.5,0.5,0.5,0.5,0.5,0.5,0.5394740928304163,0.5394740928304163,0.5,0.5,0.5321413847752825,0.5321413847752825,0.5,0.5,0.5,0.5,0.5,0.5,0.5,0.5,0.5,0.5,0.5,0.5,0.5474076942008621,0.5474076942008621,0.5,0.5,0.5,0.5,0.5,0.5,0.5,0.5,0.5,0.5,0.5,0.5,0.5,0.5,0.5,0.5,0.5,0.5,0.5,0.5,0.5,0.5,0.5,0.5,0.5,0.5,0.5,0.5,0.8,0.8,0.5,0.5,0.5,0.5,0.5,0.5,0.5,0.5,0.5,0.5,0.5,0.5,0.5,0.5,0.5,0.5,0.5410259082590552,0.5410259082590552,0.5,0.5,0.5,0.5,0.5,0.5,0.5,0.5,0.5,0.5,0.5,0.5,0.5423842537429605,0.5423842537429605,
"Generation 27",0.5293994002767284,0.5293994002767284,0.5,0.5,0.5,0.5,0.8,0.8,0.5,0.5,0.5,0.5,0.8,0.8,0.5,0.5,0.5495924665126055,0.5495924665126055,0.5,0.5,0.5,0.5,0.5,0.5,0.535783266591849,0.535783266591849,0.5445830685630235,0.5445830685630235,0.5,0.5,0.5,0.5,0.5,0.5,0.5425221024189377,0.5425221024189377,0.5,0.5,0.5,0.5,0.5,0.5,0.5,0.5,0.5,0.5,0.5,0.5,0.5,0.5,0.5,0.5,0.5377519763521841,0.5377519763521841,0.5,0.5,0.5,0.5,0.5,0.5,0.5,0.5,0.5,0.5,0.5,0.5,0.5,0.5,0.5,0.5,0.5411803138257674,0.5411803138257674,0.5,0.5,0.5,0.5,0.5,0.5,0.5,0.5,0.5,0.5,0.5,0.5,0.5,0.5,0.5,0.5,0.5,0.5,0.5,0.5,0.5,0.5,0.5,0.5,0.5,0.5,0.5,0.5,
"Generation 28",0.5,0.5,0.8,0.8,0.8,0.8,0.5,0.5,0.5,0.5,0.5,0.5,0.5,0.5,0.5,0.5,0.5,0.5,0.5,0.5,0.5,0.5,0.5,0.5,0.5,0.5,0.5,0.5,0.5,0.5,0.5,0.5,0.5,0.5,0.5,0.5,0.5,0.5,0.5,0.5,0.5,0.5,0.5,0.5,0.5292104775038542,0.5292104775038542,0.5,0.5,0.5,0.5,0.5,0.5,0.5,0.5,0.5,0.5,0.5,0.5,0.5,0.5,0.5,0.5,0.8,0.8,0.5,0.5,0.5,0.5,0.5,0.5,0.5,0.5,0.5,0.5,0.5,0.5,0.5393607208758191,0.5393607208758191,0.5,0.5,0.5,0.5,0.5,0.5,0.8,0.8,0.5,0.5,0.5,0.5,0.5,0.5,0.5,0.5,0.5,0.5,0.5,0.5,0.5,0.5,
"Generation 29",0.5,0.5,0.5400241835194908,0.5400241835194908,0.5,0.5,0.5381790849992911,0.5381790849992911,0.5,0.5,0.5,0.5,0.5,0.5,0.5,0.5,0.5,0.5,0.5,0.5,0.5,0.5,0.5,0.5,0.5348475271067715,0.5348475271067715,0.5,0.5,0.5,0.5,0.5,0.5,0.5295801922161291,0.5295801922161291,0.5,0.5,0.5,0.5,0.5,0.5,0.5,0.5,0.5,0.5,0.5,0.5,0.5,0.5,0.5,0.5,0.5,0.5,0.5,0.5,0.5,0.5,0.5,0.5,0.5,0.5,0.535847724190437,0.535847724190437,0.5,0.5,0.5,0.5,0.5,0.5,0.5304300854072621,0.5304300854072621,0.5,0.5,0.5,0.5,0.5,0.5,0.5,0.5,0.5,0.5,0.5,0.5,0.5,0.5,0.5,0.5,0.5199613602032578,0.5199613602032578,0.5256432429503914,0.5256432429503914,0.5358151740926502,0.5358151740926502,0.5,0.5,0.5261921542308858,0.5261921542308858,0.549678349637331,0.549678349637331,0.5,0.5,
"Generation 30",0.5,0.5,0.5,0.5,0.5,0.5,0.5,0.5,0.5,0.5,0.5,0.5,0.5,0.5,0.5,0.5,0.5,0.5,0.5460429266999036,0.5460429266999036,0.5057546617459079,0.5057546617459079,0.5,0.5,0.5,0.5,0.5,0.5,0.5,0.5,0.5,0.5,0.5,0.5,0.5,0.5,0.5,0.5,0.5,0.5,0.5,0.5,0.5,0.5,0.5,0.5,0.5,0.5,0.5300561889445392,0.5300561889445392,0.5,0.5,0.5,0.5,0.5,0.5,0.5,0.5,0.5,0.5,0.5,0.5,0.5383964544207692,0.5383964544207692,0.5,0.5,0.5194094663466668,0.5194094663466668,0.5,0.5,0.5108862416516877,0.5108862416516877,0.5,0.5,0.5433311655930384,0.5433311655930384,0.5,0.5,0.5,0.5,0.5,0.5,0.5,0.5,0.5,0.5,0.5,0.5,0.5,0.5,0.5,0.5,0.5,0.5,0.5442314860807822,0.5442314860807822,0.549678349637331,0.549678349637331,0.5,0.5,
"Generation 31",0.5473337428234594,0.5473337428234594,0.5,0.5,0.5,0.5,0.5,0.5,0.5,0.5,0.5,0.5,0.5,0.5,0.5,0.5,0.5,0.5,0.5,0.5,0.5,0.5,0.5,0.5,0.5,0.5,0.5,0.5,0.5462466291385377,0.5462466291385377,0.5,0.5,0.5,0.5,0.5,0.5,0.5,0.5,0.8,0.8,0.5,0.5,0.5,0.5,0.5,0.5,0.5,0.5,0.5,0.5,0.5,0.5,0.5,0.5,0.5,0.5,0.5,0.5,0.5,0.5,0.5,0.5,0.5,0.5,0.5,0.5,0.5,0.5,0.5,0.5,0.5,0.5,0.5269673460810897,0.5269673460810897,0.5,0.5,0.5,0.5,0.8,0.8,0.5,0.5,0.5,0.5,0.5,0.5,0.5,0.5,0.5,0.5,0.5,0.5,0.5,0.5,0.5,0.5,0.549678349637331,0.549678349637331,0.5,0.5,
"Generation 32",0.5,0.5,0.5,0.5,0.5,0.5,0.5,0.5,0.5,0.5,0.5,0.5,0.5,0.5,0.5,0.5,0.5,0.5,0.5,0.5,0.5,0.5,0.5,0.5,0.5,0.5,0.5,0.5,0.5,0.5,0.5,0.5,0.5,0.5,0.5,0.5,0.5,0.5,0.5,0.5,0.5410957746142326,0.5410957746142326,0.5,0.5,0.5,0.5,0.5,0.5,0.5,0.5,0.5,0.5,0.5,0.5,0.5,0.5,0.5,0.5,0.5,0.5,0.5,0.5,0.5,0.5,0.5,0.5,0.5,0.5,0.5,0.5,0.5,0.5,0.5,0.5,0.5,0.5,0.5410869640897225,0.5410869640897225,0.5,0.5,0.5,0.5,0.5,0.5,0.5,0.5,0.5,0.5,0.5,0.5,0.531145602010369,0.531145602010369,0.5,0.5,0.5,0.5,0.5,0.5,0.5,0.5,
"Generation 33",0.5,0.5,0.5,0.5,0.5,0.5,0.5,0.5,0.5,0.5,0.5,0.5,0.5,0.5,0.5,0.5,0.511055774953644,0.511055774953644,0.5,0.5,0.5,0.5,0.5,0.5,0.5,0.5,0.5,0.5,0.5289487876831096,0.5289487876831096,0.5,0.5,0.5,0.5,0.5,0.5,0.5,0.5,0.5,0.5,0.5410957746142326,0.5410957746142326,0.5,0.5,0.5,0.5,0.5,0.5,0.5,0.5,0.5,0.5,0.5454631334731168,0.5454631334731168,0.5,0.5,0.5,0.5,0.5,0.5,0.5,0.5,0.5,0.5,0.5,0.5,0.5,0.5,0.5,0.5,0.5434593266035338,0.5434593266035338,0.5,0.5,0.5,0.5,0.5,0.5,0.5,0.5,0.5,0.5,0.5,0.5,0.5,0.5,0.5,0.5,0.5,0.5,0.5,0.5,0.5,0.5,0.5204786576144841,0.5204786576144841,0.5,0.5,0.5,0.5,
"Generation 34",0.5454631334731168,0.5454631334731168,0.5,0.5,0.5,0.5,0.5,0.5,0.5,0.5,0.5,0.5,0.5,0.5,0.5,0.5,0.5,0.5,0.5300317137647904,0.5300317137647904,0.5,0.5,0.5,0.5,0.5,0.5,0.5,0.5,0.5,0.5,0.5,0.5,0.5,0.5,0.5,0.5,0.5,0.5,0.530862530810172,0.530862530810172,0.5,0.5,0.5,0.5,0.5,0.5,0.5,0.5,0.5,0.5,0.5,0.5,0.5153041738947174,0.5153041738947174,0.5135738502585752,0.5135738502585752,0.5,0.5,0.5308299134851298,0.5308299134851298,0.5,0.5,0.5,0.5,0.5,0.5,0.5,0.5,0.5037408477244605,0.5037408477244605,0.5,0.5,0.5,0.5,0.5,0.5,0.5,0.5,0.5,0.5,0.5,0.5,0.5,0.5,0.5,0.5,0.5,0.5,0.5,0.5,0.5,0.5,0.5438040697757841,0.5438040697757841,0.5,0.5,0.5,0.5,0.5,0.5,
"Generation 35",0.5454631334731168,0.5454631334731168,0.5,0.5,0.5,0.5,0.5,0.5,0.5,0.5,0.5210061287473893,0.5210061287473893,0.5,0.5,0.5,0.5,0.5,0.5,0.5,0.5,0.5,0.5,0.5,0.5,0.5,0.5,0.8,0.8,0.5,0.5,0.5,0.5,0.5,0.5,0.5,0.5,0.5,0.5,0.5,0.5,0.5,0.5,0.5,0.5,0.5370241699246483,0.5370241699246483,0.5,0.5,0.5,0.5,0.5,0.5,0.5,0.5,0.5,0.5,0.5,0.5,0.5,0.5,0.8,0.8,0.5,0.5,0.5329650735187395,0.5329650735187395,0.5432820723221161,0.5432820723221161,0.5,0.5,0.5096373044416652,0.5096373044416652,0.5,0.5,0.5,0.5,0.5,0.5,0.5,0.5,0.5,0.5,0.5,0.5,0.5,0.5,0.5,0.5,0.5,0.5,0.5,0.5,0.8,0.8,0.5,0.5,0.5,0.5,0.5,0.5,
"Generation 36",0.5,0.5,0.5,0.5,0.5265178005736533,0.5265178005736533,0.5,0.5,0.5,0.5,0.5,0.5,0.5,0.5,0.5,0.5,0.5,0.5,0.5,0.5,0.5,0.5,0.5,0.5,0.8,0.8,0.5,0.5,0.5,0.5,0.5,0.5,0.5,0.5,0.513116546981333,0.513116546981333,0.5413225046568674,0.5413225046568674,0.5,0.5,0.5,0.5,0.5,0.5,0.5,0.5,0.5,0.5,0.5,0.5,0.5,0.5,0.5243037700082545,0.5243037700082545,0.5,0.5,0.5,0.5,0.5,0.5,0.5284789856708473,0.5284789856708473,0.5,0.5,0.5,0.5,0.5,0.5,0.8,0.8,0.5,0.5,0.5329007138417672,0.5329007138417672,0.5287518142548624,0.5287518142548624,0.5,0.5,0.5,0.5,0.5,0.5,0.5,0.5,0.5,0.5,0.5,0.5,0.5,0.5,0.5,0.5,0.5,0.5,0.5,0.5,0.5,0.5,0.5,0.5,
"Generation 37",0.5,0.5,0.5,0.5,0.5,0.5,0.8,0.8,0.5,0.5,0.5,0.5,0.5,0.5,0.8,0.8,0.5,0.5,0.5,0.5,0.5402349690285072,0.5402349690285072,0.5,0.5,0.5,0.5,0.5426229863621268,0.5426229863621268,0.5,0.5,0.5,0.5,0.5,0.5,0.5,0.5,0.5,0.5,0.5,0.5,0.5420215015411567,0.5420215015411567,0.5,0.5,0.5,0.5,0.5,0.5,0.5,0.5,0.5,0.5,0.5,0.5,0.5,0.5,0.5,0.5,0.5,0.5,0.5454467493536419,0.5454467493536419,0.5,0.5,0.5,0.5,0.5,0.5,0.5,0.5,0.5,0.5,0.5,0.5,0.5,0.5,0.5,0.5,0.8,0.8,0.5,0.5,0.5,0.5,0.5,0.5,0.5397936933793934,0.5397936933793934,0.5,0.5,0.5,0.5,0.5,0.5,0.5010550548731212,0.5010550548731212,0.5,0.5,0.5,0.5,
"Generation 38",0.5439854162143549,0.5439854162143549,0.5,0.5,0.5,0.5,0.5,0.5,0.5,0.5,0.5,0.5,0.5,0.5,0.5,0.5,0.5,0.5,0.5338670033846697,0.5338670033846697,0.5303520680280451,0.5303520680280451,0.5,0.5,0.5459455785067227,0.5459455785067227,0.5,0.5,0.5,0.5,0.5,0.5,0.5,0.5,0.5,0.5,0.5,0.5,0.5,0.5,0.5,0.5,0.5,0.5,0.5124195769528619,0.5124195769528619,0.5,0.5,0.5,0.5,0.5,0.5,0.5340348604930585,0.5340348604930585,0.5,0.5,0.5,0.5,0.5,0.5,0.5,0.5,0.5,0.5,0.5,0.5,0.5,0.5,0.5,0.5,0.5204611069361015,0.5204611069361015,0.5,0.5,0.5,0.5,0.5,0.5,0.5,0.5,0.5,0.5,0.5,0.5,0.5,0.5,0.5,0.5,0.5481552522858952,0.5481552522858952,0.5,0.5,0.5,0.5,0.5,0.5,0.5,0.5,0.5380361606881184,0.5380361606881184,
"Generation 39",0.5,0.5,0.5,0.5,0.5,0.5,0.5,0.5,0.5,0.5,0.5477080611240825,0.5477080611240825,0.5,0.5,0.5464416789240754,0.5464416789240754,0.5,0.5,0.5,0.5,0.5,0.5,0.5,0.5,0.5,0.5,0.5,0.5,0.5,0.5,0.5,0.5,0.5,0.5,0.5,0.5,0.5,0.5,0.8,0.8,0.5,0.5,0.5,0.5,0.5,0.5,0.5,0.5,0.5,0.5,0.5,0.5,0.5,0.5,0.5,0.5,0.5412268458850538,0.5412268458850538,0.5348224242453858,0.5348224242453858,0.5095967292516757,0.5095967292516757,0.5,0.5,0.5,0.5,0.5,0.5,0.5,0.5,0.5,0.5,0.5,0.5,0.5,0.5,0.5,0.5,0.5,0.5,0.5491195433580967,0.5491195433580967,0.5,0.5,0.5,0.5,0.5,0.5,0.5481552522858952,0.5481552522858952,0.5,0.5,0.5,0.5,0.5,0.5,0.528511893223022,0.528511893223022,0.5,0.5,
"Generation 40",0.5,0.5,0.5,0.5,0.5,0.5,0.5,0.5,0.5,0.5,0.5,0.5,0.5,0.5,0.5,0.5,0.5,0.5,0.5,0.5,0.5,0.5,0.5,0.5,0.5,0.5,0.5,0.5,0.5,0.5,0.5,0.5,0.5,0.5,0.5,0.5,0.5,0.5,0.5,0.5,0.5,0.5,0.8,0.8,0.5,0.5,0.5,0.5,0.5,0.5,0.5,0.5,0.5499000246100109,0.5499000246100109,0.5,0.5,0.5,0.5,0.5,0.5,0.5,0.5,0.5332816445701458,0.5332816445701458,0.5,0.5,0.5,0.5,0.5373813626886903,0.5373813626886903,0.5,0.5,0.5,0.5,0.5,0.5,0.5,0.5,0.5,0.5,0.524760648015616,0.524760648015616,0.5,0.5,0.5,0.5,0.5,0.5,0.5,0.5,0.5,0.5,0.5,0.5,0.5,0.5,0.5,0.5,0.5,0.5,
"Generation 41",0.5,0.5,0.5,0.5,0.5,0.5,0.5,0.5,0.5,0.5,0.5,0.5,0.5,0.5,0.5,0.5,0.5,0.5,0.5,0.5,0.5,0.5,0.5,0.5,0.5,0.5,0.5,0.5,0.5,0.5,0.5,0.5,0.5354982382462192,0.5354982382462192,0.5,0.5,0.5,0.5,0.5,0.5,0.5,0.5,0.8,0.8,0.5,0.5,0.5,0.5,0.5,0.5,0.5393368951245956,0.5393368951245956,0.5,0.5,0.5,0.5,0.5,0.5,0.5,0.5,0.5497947130501648,0.5497947130501648,0.5,0.5,0.5,0.5,0.5,0.5,0.5,0.5,0.5,0.5,0.5,0.5,0.5,0.5,0.5,0.5,0.5,0.5,0.5,0.5,0.5,0.5,0.5,0.5,0.5,0.5,0.5,0.5,0.5,0.5,0.5,0.5,0.5,0.5,0.5,0.5,0.5,0.5,
"Generation 42",0.5436118314959835,0.5436118314959835,0.5359756743574053,0.5359756743574053,0.5,0.5,0.5,0.5,0.541610781763679,0.541610781763679,0.5,0.5,0.5333160434623675,0.5333160434623675,0.5,0.5,0.5,0.5,0.5,0.5,0.5,0.5,0.5,0.5,0.5,0.5,0.5,0.5,0.5,0.5,0.5,0.5,0.5,0.5,0.5,0.5,0.5,0.5,0.5,0.5,0.5,0.5,0.8,0.8,0.5258770005755646,0.5258770005755646,0.5,0.5,0.5417051961076649,0.5417051961076649,0.5,0.5,0.5336563248041949,0.5336563248041949,0.5,0.5,0.5,0.5,0.5,0.5,0.5210304756049512,0.5210304756049512,0.5,0.5,0.5,0.5,0.5,0.5,0.5,0.5,0.5,0.5,0.5,0.5,0.5,0.5,0.5,0.5,0.5,0.5,0.5,0.5,0.5,0.5,0.5362251287941913,0.5362251287941913,0.5,0.5,0.5,0.5,0.5,0.5,0.5,0.5,0.5,0.5,0.5,0.5,0.5,0.5,
"Generation 43",0.5,0.5,0.5,0.5,0.5,0.5,0.5391541024396977,0.5391541024396977,0.5,0.5,0.5,0.5,0.5,0.5,0.5,0.5,0.5,0.5,0.5,0.5,0.5,0.5,0.5,0.5,0.5,0.5,0.5,0.5,0.5,0.5,0.5256722232204281,0.5256722232204281,0.5,0.5,0.5,0.5,0.5,0.5,0.5,0.5,0.5,0.5,0.5408327219904241,0.5408327219904241,0.5,0.5,0.5,0.5,0.5,0.5,0.5,0.5,0.5,0.5,0.5,0.5,0.8,0.8,0.5,0.5,0.5,0.5,0.5,0.5,0.5,0.5,0.5,0.5,0.5,0.5,0.5,0.5,0.5334489867546752,0.5334489867546752,0.5,0.5,0.5296404126884213,0.5296404126884213,0.5,0.5,0.5,0.5,0.5,0.5,0.5,0.5,0.5,0.5,0.5,0.5,0.5,0.5,0.5,0.5,0.5301014850361137,0.5301014850361137,0.5,0.5,0.5,0.5,
"Generation 44",0.5,0.5,0.5,0.5,0.5,0.5,0.5,0.5,0.5,0.5,0.5,0.5,0.5,0.5,0.5,0.5,0.5308057182162367,0.5308057182162367,0.5,0.5,0.5,0.5,0.5,0.5,0.5,0.5,0.5,0.5,0.5,0.5,0.5,0.5,0.5398993691409877,0.5398993691409877,0.5302148814994244,0.5302148814994244,0.5,0.5,0.5,0.5,0.5,0.5,0.5241812033319762,0.5241812033319762,0.5,0.5,0.5,0.5,0.5,0.5,0.5,0.5,0.5496354474510649,0.5496354474510649,0.5,0.5,0.5,0.5,0.5,0.5,0.5107886825863013,0.5107886825863013,0.5,0.5,0.5,0.5,0.5,0.5,0.5,0.5,0.5,0.5,0.5,0.5,0.5,0.5,0.5,0.5,0.5,0.5,0.5,0.5,0.5,0.5,0.532952180795384,0.532952180795384,0.5,0.5,0.5,0.5,0.5,0.5,0.5,0.5,0.5,0.5,0.5,0.5,0.5373992982790936,0.5373992982790936,
"Generation 45",0.5,0.5,0.5,0.5,0.5,0.5,0.5,0.5,0.8,0.8,0.5336087941935848,0.5336087941935848,0.5,0.5,0.5,0.5,0.5,0.5,0.5,0.5,0.5,0.5,0.5,0.5,0.5,0.5,0.547007778284926,0.547007778284926,0.5,0.5,0.5376794401718625,0.5376794401718625,0.5,0.5,0.5332355403478793,0.5332355403478793,0.5,0.5,0.8,0.8,0.5,0.5,0.5,0.5,0.5,0.5,0.5,0.5,0.5,0.5,0.5,0.5,0.8,0.8,0.5,0.5,0.5,0.5,0.5,0.5,0.5,0.5,0.5,0.5,0.5,0.5,0.5,0.5,0.5,0.5,0.5,0.5,0.5,0.5,0.5226886696204072,0.5226886696204072,0.5,0.5,0.5,0.5,0.5,0.5,0.5,0.5,0.5,0.5,0.5,0.5,0.5,0.5,0.5484082683560089,0.5484082683560089,0.5,0.5,0.5,0.5,0.5,0.5,0.5,0.5,
"Generation 46",0.5,0.5,0.5,0.5,0.5,0.5,0.5,0.5,0.5241696178325203,0.5241696178325203,0.5,0.5,0.5,0.5,0.5,0.5,0.5336505832328554,0.5336505832328554,0.5,0.5,0.5,0.5,0.5338165858423536,0.5338165858423536,0.5,0.5,0.5352700692882115,0.5352700692882115,0.5,0.5,0.5,0.5,0.5,0.5,0.5,0.5,0.5,0.5,0.5421121661302354,0.5421121661302354,0.5,0.5,0.5391982884773969,0.5391982884773969,0.5,0.5,0.5,0.5,0.5,0.5,0.5,0.5,0.5,0.5,0.5,0.5,0.5,0.5,0.8,0.8,0.5,0.5,0.5,0.5,0.5,0.5,0.5,0.5,0.5,0.5,0.5,0.5,0.5,0.5,0.5,0.5,0.5,0.5,0.5,0.5,0.5,0.5,0.5,0.5,0.5,0.5,0.5,0.5,0.5,0.5,0.5238091192790498,0.5238091192790498,0.5,0.5,0.5331695875913744,0.5331695875913744,0.5,0.5,0.5,0.5,
"Generation 47",0.5388143342890179,0.5388143342890179,0.5,0.5,0.5,0.5,0.8,0.8,0.5,0.5,0.5,0.5,0.5,0.5,0.5,0.5,0.5,0.5,0.5,0.5,0.5,0.5,0.5,0.5,0.5,0.5,0.5,0.5,0.5,0.5,0.5,0.5,0.5,0.5,0.5,0.5,0.5,0.5,0.5,0.5,0.5,0.5,0.5,0.5,0.5,0.5,0.5187962593568369,0.5187962593568369,0.5,0.5,0.5,0.5,0.5,0.5,0.5,0.5,0.5,0.5,0.5,0.5,0.5,0.5,0.5,0.5,0.5,0.5,0.5262280985945329,0.5262280985945329,0.5,0.5,0.5,0.5,0.5,0.5,0.5,0.5,0.5,0.5,0.5,0.5,0.5,0.5,0.5,0.5,0.5,0.5,0.5,0.5,0.5145212200206906,0.5145212200206906,0.5,0.5,0.5,0.5,0.5,0.5,0.5,0.5,0.5,0.5,
"Generation 48",0.535880258514337,0.535880258514337,0.5,0.5,0.5,0.5,0.5,0.5,0.5,0.5,0.5,0.5,0.5,0.5,0.5,0.5,0.5,0.5,0.5,0.5,0.5,0.5,0.5,0.5,0.5,0.5,0.5,0.5,0.5,0.5,0.5,0.5,0.5,0.5,0.5,0.5,0.5,0.5,0.5,0.5,0.5,0.5,0.5,0.5,0.5,0.5,0.5,0.5,0.5,0.5,0.5,0.5,0.5,0.5,0.5,0.5,0.5,0.5,0.5,0.5,0.5,0.5,0.5,0.5,0.5,0.5,0.5,0.5,0.5,0.5,0.5,0.5,0.5,0.5,0.5,0.5,0.5,0.5,0.8,0.8,0.5,0.5,0.5,0.5,0.5458845818606657,0.5458845818606657,0.5,0.5,0.5,0.5,0.5462986008657138,0.5462986008657138,0.5,0.5,0.5,0.5,0.5,0.5,0.5126558960164398,0.5126558960164398,
"Generation 49",0.5,0.5,0.5396100472335666,0.5396100472335666,0.5,0.5,0.5,0.5,0.5,0.5,0.5418144684594228,0.5418144684594228,0.5,0.5,0.5,0.5,0.5,0.5,0.5,0.5,0.5,0.5,0.5,0.5,0.5,0.5,0.5,0.5,0.5,0.5,0.5,0.5,0.5,0.5,0.5,0.5,0.5,0.5,0.5,0.5,0.5,0.5,0.5070497479229135,0.5070497479229135,0.5,0.5,0.5,0.5,0.5,0.5,0.5,0.5,0.5,0.5,0.5220724945052784,0.5220724945052784,0.5424615359122243,0.5424615359122243,0.5,0.5,0.5,0.5,0.5,0.5,0.5,0.5,0.5,0.5,0.5,0.5,0.5,0.5,0.5,0.5,0.5,0.5,0.5,0.5,0.5,0.5,0.5,0.5,0.5251368613706162,0.5251368613706162,0.5384032136000977,0.5384032136000977,0.5134050658125358,0.5134050658125358,0.5475733192751171,0.5475733192751171,0.5,0.5,0.5380492795496965,0.5380492795496965,0.5,0.5,0.5449088942956465,0.5449088942956465,0.5,0.5,
"Generation 50",0.5,0.5,0.5,0.5,0.5,0.5,0.5,0.5,0.5,0.5,0.5274269671093186,0.5274269671093186,0.5,0.5,0.5,0.5,0.5,0.5,0.5,0.5,0.5,0.5,0.5,0.5,0.5,0.5,0.5,0.5,0.5,0.5,0.5,0.5,0.5,0.5,0.5049017108089771,0.5049017108089771,0.5,0.5,0.5,0.5,0.5,0.5,0.5,0.5,0.5,0.5,0.5,0.5,0.5,0.5,0.5,0.5,0.5,0.5,0.5,0.5,0.5,0.5,0.5,0.5,0.5,0.5,0.5,0.5,0.5,0.5,0.5,0.5,0.5,0.5,0.5,0.5,0.5,0.5,0.5,0.5,0.5,0.5,0.5,0.5,0.5,0.5,0.5,0.5,0.5,0.5,0.5,0.5,0.5475733192751171,0.5475733192751171,0.5,0.5,0.5,0.5,0.5,0.5,0.5,0.5,0.5,0.5,
"Generation 51",0.5,0.5,0.5,0.5,0.5,0.5,0.5404663224082955,0.5404663224082955,0.5,0.5,0.5,0.5,0.5142309193326033,0.5142309193326033,0.5175308392129394,0.5175308392129394,0.5,0.5,0.5200681900455943,0.5200681900455943,0.5,0.5,0.5,0.5,0.5,0.5,0.5,0.5,0.5,0.5,0.5,0.5,0.5,0.5,0.5,0.5,0.5,0.5,0.5,0.5,0.5,0.5,0.5,0.5,0.5,0.5,0.5,0.5,0.5,0.5,0.5,0.5,0.5,0.5,0.5,0.5,0.5,0.5,0.5,0.5,0.5,0.5,0.5,0.5,0.5366031011291537,0.5366031011291537,0.5294511212650674,0.5294511212650674,0.5,0.5,0.5,0.5,0.528623760770551,0.528623760770551,0.5366530623458788,0.5366530623458788,0.5,0.5,0.5,0.5,0.5,0.5,0.5,0.5,0.5,0.5,0.5,0.5,0.5475733192751171,0.5475733192751171,0.5,0.5,0.5,0.5,0.5,0.5,0.5,0.5,0.5,0.5,
"Generation 52",0.5,0.5,0.5,0.5,0.5,0.5,0.5,0.5,0.5251799581846683,0.5251799581846683,0.5,0.5,0.5,0.5,0.5,0.5,0.5,0.5,0.5,0.5,0.5,0.5,0.5433861530104229,0.5433861530104229,0.5,0.5,0.5,0.5,0.5,0.5,0.5,0.5,0.5,0.5,0.5,0.5,0.5239752546750924,0.5239752546750924,0.5,0.5,0.5,0.5,0.5,0.5,0.5147968378039004,0.5147968378039004,0.5,0.5,0.5,0.5,0.5,0.5,0.5,0.5,0.5,0.5,0.5,0.5,0.5,0.5,0.5,0.5,0.5,0.5,0.5374320091697129,0.5374320091697129,0.5,0.5,0.5,0.5,0.5,0.5,0.5,0.5,0.5,0.5,0.5,0.5,0.5,0.5,0.5180013743495507,0.5180013743495507,0.5,0.5,0.5,0.5,0.8,0.8,0.5475733192751171,0.5475733192751171,0.546432780281163,0.546432780281163,0.5,0.5,0.5137942512781168,0.5137942512781168,0.5,0.5,0.5,0.5,
"Generation 53",0.5,0.5,0.5,0.5,0.5,0.5,0.5,0.5,0.5,0.5,0.5,0.5,0.8,0.8,0.5373566881735735,0.5373566881735735,0.5,0.5,0.5,0.5,0.5,0.5,0.5414280374155053,0.5414280374155053,0.5,0.5,0.5,0.5,0.5,0.5,0.5,0.5,0.5,0.5,0.5,0.5,0.5286758945132095,0.5286758945132095,0.5490174983832666,0.5490174983832666,0.5,0.5,0.5,0.5,0.5,0.5,0.8,0.8,0.5,0.5,0.5,0.5,0.5,0.5,0.5,0.5,0.5,0.5,0.5,0.5,0.5,0.5,0.5,0.5,0.5,0.5,0.5,0.5,0.5,0.5,0.5,0.5,0.5238358059791622,0.5238358059791622,0.5,0.5,0.5,0.5,0.5182034507280504,0.5182034507280504,0.5,0.5,0.5,0.5,0.5297539560597595,0.5297539560597595,0.5,0.5,0.5,0.5,0.5,0.5,0.5,0.5,0.5,0.5,0.8,0.8,0.5,0.5,
"Generation 54",0.5397875129276422,0.5397875129276422,0.5,0.5,0.5,0.5,0.5,0.5,0.5,0.5,0.5,0.5,0.8,0.8,0.5,0.5,0.5,0.5,0.5,0.5,0.5,0.5,0.5,0.5,0.5,0.5,0.5,0.5,0.5291590821960372,0.5291590821960372,0.5411453858179005,0.5411453858179005,0.5473063175504629,0.5473063175504629,0.5,0.5,0.5,0.5,0.5,0.5,0.5,0.5,0.5,0.5,0.5430018995987538,0.5430018995987538,0.5,0.5,0.5,0.5,0.5,0.5,0.5428109587764258,0.5428109587764258,0.5,0.5,0.5,0.5,0.5,0.5,0.5,0.5,0.5,0.5,0.5,0.5,0.5,0.5,0.5,0.5,0.5,0.5,0.5,0.5,0.5,0.5,0.5,0.5,0.5467850391179563,0.5467850391179563,0.5,0.5,0.5,0.5,0.5,0.5,0.5,0.5,0.5443578760602701,0.5443578760602701,0.5157322977854897,0.5157322977854897,0.5,0.5,0.5,0.5,0.5,0.5,0.5,0.5,
"Generation 55",0.5,0.5,0.5416669781034809,0.5416669781034809,0.5,0.5,0.5,0.5,0.5,0.5,0.5,0.5,0.5,0.5,0.5,0.5,0.5,0.5,0.5,0.5,0.5,0.5,0.5354210821024881,0.5354210821024881,0.5,0.5,0.5,0.5,0.5,0.5,0.5,0.5,0.5,0.5,0.5,0.5,0.5,0.5,0.5,0.5,0.5,0.5,0.5,0.5,0.5,0.5,0.5,0.5,0.5,0.5,0.5,0.5,0.5,0.5,0.5,0.5,0.5,0.5,0.5,0.5,0.5,0.5,0.5,0.5,0.5,0.5,0.5,0.5,0.5,0.5,0.5,0.5,0.5,0.5,0.8,0.8,0.5,0.5,0.5,0.5,0.5267475763089778,0.5267475763089778,0.5,0.5,0.5,0.5,0.5,0.5,0.5,0.5,0.5,0.5,0.5,0.5,0.5,0.5,0.5,0.5,0.5,0.5,
"Generation 56",0.5,0.5,0.5,0.5,0.5,0.5,0.5,0.5,0.5,0.5,0.5304942185748234,0.5304942185748234,0.5,0.5,0.5,0.5,0.5,0.5,0.5,0.5,0.5,0.5,0.5,0.5,0.5,0.5,0.5,0.5,0.5,0.5,0.5,0.5,0.5,0.5,0.5,0.5,0.5,0.5,0.5,0.5,0.5,0.5,0.5,0.5,0.5,0.5,0.5340520707976151,0.5340520707976151,0.5,0.5,0.5,0.5,0.5,0.5,0.5,0.5,0.5,0.5,0.5176997932732592,0.5176997932732592,0.5,0.5,0.5,0.5,0.5,0.5,0.5,0.5,0.5,0.5,0.5,0.5,0.5,0.5,0.8,0.8,0.5,0.5,0.5,0.5,0.5,0.5,0.5,0.5,0.5,0.5,0.5,0.5,0.5,0.5,0.5,0.5,0.5,0.5,0.5,0.5,0.5423513245160325,0.5423513245160325,0.5,0.5,
"Generation 57",0.5,0.5,0.5,0.5,0.5,0.5,0.5,0.5,0.5329667385601826,0.5329667385601826,0.5,0.5,0.5,0.5,0.5,0.5,0.5,0.5,0.5,0.5,0.5,0.5,0.5,0.5,0.8,0.8,0.5,0.5,0.5,0.5,0.5,0.5,0.5,0.5,0.5,0.5,0.5,0.5,0.5228041429368652,0.5228041429368652,0.5,0.5,0.5,0.5,0.5,0.5,0.5,0.5,0.5,0.5,0.5,0.5,0.5,0.5,0.5,0.5,0.5,0.5,0.5,0.5,0.5,0.5,0.5,0.5,0.5,0.5,0.5,0.5,0.5,0.5,0.5,0.5,0.5,0.5,0.5399282217315085,0.5399282217315085,0.5,0.5,0.5,0.5,0.5088721952449263,0.5088721952449263,0.5,0.5,0.5,0.5,0.5,0.5,0.5,0.5,0.5,0.5,0.5,0.5,0.5,0.5,0.5,0.5,0.5,0.5,
"Generation 58",0.8,0.8,0.5,0.5,0.5395287294946403,0.5395287294946403,0.5,0.5,0.5,0.5,0.5,0.5,0.5,0.5,0.5,0.5,0.5,0.5,0.5,0.5,0.5,0.5,0.5,0.5,0.5364868911707441,0.5364868911707441,0.5,0.5,0.5,0.5,0.5,0.5,0.5,0.5,0.5206111943584717,0.5206111943584717,0.5,0.5,0.5,0.5,0.5307034385560958,0.5307034385560958,0.5188784228150753,0.5188784228150753,0.5,0.5,0.5,0.5,0.5,0.5,0.5420505020617004,0.5420505020617004,0.5,0.5,0.5,0.5,0.5,0.5,0.5,0.5,0.5,0.5,0.528480285031651,0.528480285031651,0.5,0.5,0.5,0.5,0.5,0.5,0.5,0.5,0.5,0.5,0.5,0.5,0.5,0.5,0.5,0.5,0.5,0.5,0.5,0.5,0.5,0.5,0.5,0.5,0.5,0.5,0.5,0.5,0.5,0.5,0.5283617001378751,0.5283617001378751,0.5,0.5,0.5,0.5,
"Generation 59",0.5182081436278747,0.5182081436278747,0.5344217497386914,0.5344217497386914,0.5,0.5,0.5,0.5,0.5,0.5,0.5,0.5,0.5,0.5,0.5,0.5,0.5,0.5,0.5,0.5,0.5448345896521083,0.5448345896521083,0.5,0.5,0.5,0.5,0.5329369373492892,0.5329369373492892,0.5444876747165156,0.5444876747165156,0.5,0.5,0.5367748355417514,0.5367748355417514,0.5,0.5,0.5,0.5,0.5,0.5,0.5188245932849442,0.5188245932849442,0.5,0.5,0.5,0.5,0.5278349653305867,0.5278349653305867,0.5,0.5,0.5,0.5,0.5,0.5,0.5,0.5,0.5,0.5,0.5,0.5,0.5,0.5,0.5070762408460132,0.5070762408460132,0.5,0.5,0.5,0.5,0.5,0.5,0.5,0.5,0.5,0.5,0.5,0.5,0.5,0.5,0.5,0.5,0.5,0.5,0.5318159894830027,0.5318159894830027,0.5,0.5,0.5,0.5,0.5,0.5,0.5,0.5,0.5,0.5,0.5,0.5,0.5,0.5,0.5,0.5,
"Generation 60",0.5,0.5,0.5,0.5,0.5,0.5,0.5295470661103412,0.5295470661103412,0.5,0.5,0.5432450494681826,0.5432450494681826,0.5,0.5,0.5,0.5,0.8,0.8,0.5,0.5,0.8,0.8,0.5,0.5,0.5,0.5,0.545908174150827,0.545908174150827,0.5,0.5,0.5,0.5,0.5,0.5,0.8,0.8,0.5,0.5,0.5,0.5,0.5,0.5,0.5,0.5,0.5,0.5,0.5,0.5,0.5,0.5,0.5,0.5,0.5,0.5,0.5,0.5,0.8,0.8,0.5,0.5,0.5,0.5,0.5,0.5,0.5,0.5,0.5,0.5,0.5,0.5,0.5,0.5,0.5,0.5,0.8,0.8,0.5,0.5,0.5,0.5,0.5,0.5,0.5,0.5,0.5,0.5,0.5482716457710382,0.5482716457710382,0.5364466212888506,0.5364466212888506,0.5,0.5,0.5374876185827508,0.5374876185827508,0.5,0.5,0.5144180047044749,0.5144180047044749,0.5,0.5,
"Generation 61",0.8,0.8,0.5,0.5,0.5,0.5,0.5392391636171522,0.5392391636171522,0.5,0.5,0.5,0.5,0.5,0.5,0.5,0.5,0.5,0.5,0.5,0.5,0.5,0.5,0.5,0.5,0.5,0.5,0.5,0.5,0.542929153866118,0.542929153866118,0.5,0.5,0.5,0.5,0.5,0.5,0.5,0.5,0.5,0.5,0.5,0.5,0.5,0.5,0.5,0.5,0.8,0.8,0.5,0.5,0.5,0.5,0.5,0.5,0.5,0.5,0.5,0.5,0.5,0.5,0.5431293865020843,0.5431293865020843,0.5,0.5,0.5073598871139885,0.5073598871139885,0.5,0.5,0.5,0.5,0.5,0.5,0.54643401177789,0.54643401177789,0.5,0.5,0.5,0.5,0.5,0.5,0.5,0.5,0.5,0.5,0.5,0.5,0.5,0.5,0.5,0.5,0.5211160258351595,0.5211160258351595,0.5,0.5,0.5,0.5,0.5424458883633971,0.5424458883633971,0.5,0.5,
"Generation 62",0.5,0.5,0.5,0.5,0.5,0.5,0.5,0.5,0.5,0.5,0.5,0.5,0.5,0.5,0.5,0.5,0.5,0.5,0.5,0.5,0.5,0.5,0.5,0.5,0.5,0.5,0.5308642908676832,0.5308642908676832,0.5,0.5,0.5,0.5,0.5,0.5,0.5,0.5,0.5420485600325251,0.5420485600325251,0.5,0.5,0.5484447742437562,0.5484447742437562,0.5483958188962907,0.5483958188962907,0.5,0.5,0.5,0.5,0.5,0.5,0.5,0.5,0.5459449174567113,0.5459449174567113,0.5,0.5,0.5,0.5,0.5408781523203428,0.5408781523203428,0.8,0.8,0.5,0.5,0.5,0.5,0.5,0.5,0.5,0.5,0.5,0.5,0.5,0.5,0.5,0.5,0.5,0.5,0.5,0.5,0.5,0.5,0.5216408210969425,0.5216408210969425,0.5,0.5,0.5,0.5,0.5,0.5,0.5,0.5,0.5196190460391192,0.5196190460391192,0.5210447068048962,0.5210447068048962,0.5217897650442633,0.5217897650442633,0.5,0.5,
"Generation 63",0.5,0.5,0.5,0.5,0.5,0.5,0.5,0.5,0.5,0.5,0.5,0.5,0.5,0.5,0.5376416100654414,0.5376416100654414,0.5,0.5,0.5,0.5,0.5,0.5,0.5,0.5,0.5,0.5,0.5,0.5,0.5,0.5,0.5,0.5,0.5413824165430795,0.5413824165430795,0.5,0.5,0.5,0.5,0.5,0.5,0.5,0.5,0.5,0.5,0.5,0.5,0.535447367930201,0.535447367930201,0.5168843294862097,0.5168843294862097,0.8,0.8,0.5,0.5,0.5,0.5,0.5,0.5,0.5,0.5,0.5,0.5,0.5,0.5,0.5,0.5,0.5,0.5,0.5,0.5,0.5,0.5,0.5,0.5,0.5,0.5,0.5,0.5,0.5,0.5,0.5,0.5,0.5,0.5,0.5,0.5,0.5,0.5,0.5,0.5,0.5,0.5,0.5,0.5,0.5,0.5,0.5,0.5,0.5,0.5,
"Generation 64",0.5,0.5,0.5,0.5,0.5,0.5,0.8,0.8,0.5,0.5,0.5,0.5,0.5,0.5,0.5,0.5,0.5,0.5,0.5298918175358323,0.5298918175358323,0.5,0.5,0.5,0.5,0.5,0.5,0.5,0.5,0.53978784569942,0.53978784569942,0.5,0.5,0.5,0.5,0.5,0.5,0.5,0.5,0.5,0.5,0.5,0.5,0.5,0.5,0.5,0.5,0.8,0.8,0.5,0.5,0.8,0.8,0.5,0.5,0.8,0.8,0.5,0.5,0.5,0.5,0.5,0.5,0.5,0.5,0.525898852422795,0.525898852422795,0.5,0.5,0.5,0.5,0.5305811111164411,0.5305811111164411,0.5,0.5,0.5,0.5,0.5,0.5,0.5,0.5,0.5,0.5,0.5,0.5,0.5,0.5,0.5,0.5,0.5,0.5,0.5,0.5,0.54729140240955,0.54729140240955,0.5,0.5,0.5,0.5,0.5,0.5,
"Generation 65",0.5,0.5,0.5,0.5,0.5,0.5,0.5,0.5,0.5,0.5,0.5,0.5,0.5491455274829778,0.5491455274829778,0.5,0.5,0.5,0.5,0.5,0.5,0.5,0.5,0.5,0.5,0.5,0.5,0.5,0.5,0.5,0.5,0.5,0.5,0.5,0.5,0.5201843600532297,0.5201843600532297,0.5,0.5,0.5,0.5,0.5,0.5,0.5,0.5,0.5,0.5,0.5,0.5,0.5372954929877181,0.5372954929877181,0.5,0.5,0.5,0.5,0.5,0.5,0.5,0.5,0.5,0.5,0.5,0.5,0.5,0.5,0.5,0.5,0.5,0.5,0.5321885346354568,0.5321885346354568,0.5,0.5,0.5,0.5,0.5313757916116273,0.5313757916116273,0.5,0.5,0.5324045812785128,0.5324045812785128,0.5,0.5,0.5,0.5,0.5,0.5,0.5,0.5,0.5,0.5,0.5,0.5,0.5,0.5,0.5449218474273874,0.5449218474273874,0.8,0.8,0.5,0.5,
"Generation 66",0.5,0.5,0.5,0.5,0.5,0.5,0.5238203506324826,0.5238203506324826,0.5,0.5,0.5,0.5,0.5,0.5,0.5223551485844704,0.5223551485844704,0.5,0.5,0.5,0.5,0.5,0.5,0.5,0.5,0.5,0.5,0.5481623835825271,0.5481623835825271,0.5328583778845201,0.5328583778845201,0.5408679994882228,0.5408679994882228,0.5,0.5,0.5,0.5,0.8,0.8,0.5,0.5,0.5343704957663186,0.5343704957663186,0.5,0.5,0.5,0.5,0.5,0.5,0.5,0.5,0.5,0.5,0.5,0.5,0.5104094486662453,0.5104094486662453,0.5,0.5,0.5,0.5,0.5,0.5,0.5,0.5,0.5322846670447785,0.5322846670447785,0.5,0.5,0.5,0.5,0.5,0.5,0.5,0.5,0.5350187359970338,0.5350187359970338,0.5,0.5,0.5,0.5,0.5,0.5,0.5,0.5,0.5,0.5,0.5,0.5,0.5215738520360315,0.5215738520360315,0.5302684274685798,0.5302684274685798,0.5,0.5,0.5,0.5,0.5,0.5,0.5,0.5,
"Generation 67",0.5055678653612361,0.5055678653612361,0.5,0.5,0.8,0.8,0.5,0.5,0.5,0.5,0.5,0.5,0.5,0.5,0.5203886092055169,0.5203886092055169,0.5,0.5,0.5,0.5,0.5,0.5,0.5,0.5,0.5,0.5,0.5340019999428327,0.5340019999428327,0.5,0.5,0.5,0.5,0.5,0.5,0.5053918022700912,0.5053918022700912,0.5,0.5,0.5,0.5,0.5,0.5,0.5,0.5,0.5,0.5,0.5,0.5,0.5,0.5,0.5,0.5,0.5,0.5,0.5,0.5,0.5,0.5,0.5,0.5,0.5,0.5,0.5,0.5,0.5,0.5,0.5,0.5,0.5,0.5,0.5,0.5,0.5,0.5,0.5,0.5,0.541420315112628,0.541420315112628,0.5,0.5,0.5,0.5,0.5,0.5,0.5,0.5,0.5,0.5,0.5,0.5,0.5,0.5,0.5,0.5,0.5,0.5,0.8,0.8,0.5,0.5,
"Generation 68",0.5,0.5,0.5,0.5,0.5,0.5,0.5,0.5,0.5440716804347515,0.5440716804347515,0.5359567850006467,0.5359567850006467,0.5,0.5,0.5,0.5,0.5,0.5,0.5352993317312621,0.5352993317312621,0.5470619075886357,0.5470619075886357,0.5,0.5,0.8,0.8,0.5,0.5,0.5,0.5,0.5,0.5,0.5,0.5,0.5,0.5,0.5,0.5,0.5,0.5,0.5,0.5,0.5,0.5,0.5,0.5,0.5,0.5,0.5327385896792924,0.5327385896792924,0.5,0.5,0.5,0.5,0.5,0.5,0.5,0.5,0.5,0.5,0.5,0.5,0.5,0.5,0.5,0.5,0.532698056699906,0.532698056699906,0.5,0.5,0.5,0.5,0.5,0.5,0.5,0.5,0.5,0.5,0.5372319614437377,0.5372319614437377,0.5,0.5,0.5,0.5,0.5,0.5,0.5,0.5,0.5249769642796773,0.5249769642796773,0.5,0.5,0.5,0.5,0.535467419782649,0.535467419782649,0.5,0.5,0.5,0.5,
"Generation 69",0.5,0.5,0.5,0.5,0.5,0.5,0.5,0.5,0.5,0.5,0.5,0.5,0.5,0.5,0.5414307958870263,0.5414307958870263,0.5,0.5,0.5,0.5,0.5,0.5,0.5,0.5,0.8,0.8,0.5325246535557733,0.5325246535557733,0.5,0.5,0.5,0.5,0.5,0.5,0.5215391938134553,0.5215391938134553,0.5453099849782757,0.5453099849782757,0.5,0.5,0.5,0.5,0.5,0.5,0.5,0.5,0.5,0.5,0.5,0.5,0.5293369074668717,0.5293369074668717,0.5,0.5,0.5,0.5,0.5,0.5,0.5,0.5,0.5,0.5,0.5,0.5,0.5,0.5,0.5,0.5,0.5373023409575282,0.5373023409575282,0.5,0.5,0.5,0.5,0.5,0.5,0.5,0.5,0.5,0.5,0.5,0.5,0.5,0.5,0.5,0.5,0.5,0.5,0.5,0.5,0.5260890869437712,0.5260890869437712,0.5,0.5,0.5,0.5,0.8,0.8,0.515733839797386,0.515733839797386,
"Generation 70",0.5,0.5,0.5,0.5,0.5206797050513718,0.5206797050513718,0.5,0.5,0.5,0.5,0.5,0.5,0.5,0.5,0.5,0.5,0.8,0.8,0.8,0.8,0.5,0.5,0.5322967216837066,0.5322967216837066,0.8,0.8,0.5,0.5,0.5,0.5,0.5392276089121508,0.5392276089121508,0.5,0.5,0.5,0.5,0.5,0.5,0.5,0.5,0.5,0.5,0.5,0.5,0.5,0.5,0.5,0.5,0.5,0.5,0.5165627578597273,0.5165627578597273,0.5,0.5,0.5,0.5,0.5155582676228793,0.5155582676228793,0.5,0.5,0.5,0.5,0.5,0.5,0.5,0.5,0.5,0.5,0.5371781944350139,0.5371781944350139,0.5,0.5,0.5,0.5,0.5,0.5,0.5259320255084912,0.5259320255084912,0.5,0.5,0.5,0.5,0.5302402204268519,0.5302402204268519,0.5,0.5,0.5,0.5,0.5,0.5,0.8,0.8,0.5,0.5,0.5,0.5,0.5,0.5,0.5,0.5,
"Generation 71",0.5,0.5,0.5,0.5,0.5,0.5,0.5,0.5,0.5,0.5,0.5,0.5,0.5,0.5,0.5,0.5,0.5,0.5,0.5,0.5,0.5128558923865382,0.5128558923865382,0.5,0.5,0.5,0.5,0.5,0.5,0.5,0.5,0.5366533936418418,0.5366533936418418,0.5,0.5,0.5,0.5,0.5,0.5,0.5,0.5,0.5,0.5,0.5,0.5,0.5,0.5,0.5,0.5,0.5,0.5,0.5,0.5,0.5,0.5,0.5,0.5,0.5259691889710922,0.5259691889710922,0.5,0.5,0.5,0.5,0.5,0.5,0.5,0.5,0.5,0.5,0.5,0.5,0.5,0.5,0.5,0.5,0.5,0.5,0.5121356679622462,0.5121356679622462,0.5,0.5,0.5,0.5,0.5158851176114725,0.5158851176114725,0.5,0.5,0.5,0.5,0.5,0.5,0.5,0.5,0.5,0.5,0.5,0.5,0.5,0.5,0.5,0.5,
"Generation 72",0.5,0.5,0.5,0.5,0.5,0.5,0.5,0.5,0.5,0.5,0.5,0.5,0.5,0.5,0.5,0.5,0.5,0.5,0.5,0.5,0.5,0.5,0.5,0.5,0.5,0.5,0.5,0.5,0.5,0.5,0.5366533936418418,0.5366533936418418,0.5,0.5,0.5,0.5,0.8,0.8,0.5,0.5,0.5,0.5,0.5,0.5,0.5,0.5,0.5,0.5,0.5,0.5,0.5,0.5,0.5,0.5,0.5,0.5,0.5,0.5,0.5,0.5,0.5484219319663723,0.5484219319663723,0.5,0.5,0.5,0.5,0.5,0.5,0.5,0.5,0.534570591860428,0.534570591860428,0.5,0.5,0.5,0.5,0.53384206405437,0.53384206405437,0.5,0.5,0.5,0.5,0.5408901759361491,0.5408901759361491,0.5378501031284169,0.5378501031284169,0.5,0.5,0.5,0.5,0.5461892289486396,0.5461892289486396,0.5,0.5,0.5,0.5,0.5,0.5,0.5,0.5,
"Generation 73",0.5,0.5,0.5,0.5,0.5,0.5,0.8,0.8,0.5,0.5,0.5,0.5,0.5,0.5,0.5,0.5,0.5,0.5,0.5,0.5,0.5370940867531504,0.5370940867531504,0.5,0.5,0.5,0.5,0.5297807531731582,0.5297807531731582,0.531531066364455,0.531531066364455,0.5,0.5,0.5,0.5,0.5,0.5,0.5,0.5,0.5,0.5,0.5,0.5,0.5,0.5,0.5,0.5,0.5,0.5,0.5,0.5,0.5,0.5,0.5,0.5,0.5477488490978872,0.5477488490978872,0.5349450526818094,0.5349450526818094,0.542108829844564,0.542108829844564,0.5,0.5,0.5,0.5,0.5,0.5,0.5,0.5,0.5,0.5,0.5,0.5,0.5,0.5,0.5,0.5,0.5,0.5,0.5,0.5,0.5,0.5,0.5,0.5,0.5,0.5,0.5,0.5,0.5,0.5,0.5,0.5,0.5,0.5,0.5,0.5,0.5,0.5,0.5,0.5,
"Generation 74",0.5,0.5,0.5251211692972921,0.5251211692972921,0.5,0.5,0.8,0.8,0.5481805650811518,0.5481805650811518,0.5,0.5,0.5,0.5,0.5,0.5,0.8,0.8,0.5,0.5,0.5,0.5,0.5342665182797504,0.5342665182797504,0.5,0.5,0.5,0.5,0.5,0.5,0.5,0.5,0.5,0.5,0.5,0.5,0.5,0.5,0.5,0.5,0.5,0.5,0.5,0.5,0.5,0.5,0.5,0.5,0.5,0.5,0.5489301223110168,0.5489301223110168,0.5,0.5,0.5,0.5,0.5,0.5,0.5,0.5,0.5,0.5,0.5,0.5,0.8,0.8,0.5,0.5,0.5,0.5,0.5,0.5,0.5,0.5,0.5,0.5,0.5,0.5,0.5,0.5,0.5,0.5,0.5,0.5,0.5370509585353186,0.5370509585353186,0.5,0.5,0.5,0.5,0.5,0.5,0.5,0.5,0.5,0.5,0.5,0.5,0.5,0.5,
"Generation 75",0.5,0.5,0.5,0.5,0.5324695859479625,0.5324695859479625,0.5,0.5,0.5,0.5,0.5406325687416889,0.5406325687416889,0.5,0.5,0.5,0.5,0.5,0.5,0.5,0.5,0.5,0.5,0.5,0.5,0.5,0.5,0.5,0.5,0.5,0.5,0.5,0.5,0.5,0.5,0.5441244388854368,0.5441244388854368,0.5,0.5,0.5,0.5,0.5,0.5,0.5,0.5,0.5,0.5,0.5,0.5,0.542521002688563,0.542521002688563,0.5,0.5,0.5,0.5,0.5,0.5,0.5,0.5,0.5,0.5,0.5,0.5,0.5,0.5,0.5,0.5,0.5250233233517736,0.5250233233517736,0.5,0.5,0.5,0.5,0.5,0.5,0.5,0.5,0.5,0.5,0.5,0.5,0.5300949102072559,0.5300949102072559,0.5,0.5,0.5,0.5,0.5,0.5,0.5,0.5,0.5,0.5,0.5,0.5,0.5,0.5,0.5,0.5,0.52549007968773,0.52549007968773,
"Generation 76",0.5,0.5,0.5,0.5,0.5,0.5,0.5,0.5,0.5,0.5,0.5,0.5,0.5,0.5,0.5,0.5,0.5,0.5,0.5,0.5,0.5,0.5,0.5,0.5,0.5,0.5,0.5,0.5,0.5,0.5,0.5,0.5,0.5,0.5,0.5441244388854368,0.5441244388854368,0.5,0.5,0.5,0.5,0.5,0.5,0.5,0.5,0.5,0.5,0.5,0.5,0.5,0.5,0.5,0.5,0.5,0.5,0.5,0.5,0.5,0.5,0.5,0.5,0.5,0.5,0.5,0.5,0.5,0.5,0.5,0.5,0.5,0.5,0.5,0.5,0.5,0.5,0.5,0.5,0.5,0.5,0.5,0.5,0.5,0.5,0.5426957631194751,0.5426957631194751,0.5,0.5,0.5,0.5,0.5,0.5,0.5478660903694582,0.5478660903694582,0.5,0.5,0.5,0.5,0.5,0.5,0.5,0.5,
"Generation 77",0.5,0.5,0.5446634610994252,0.5446634610994252,0.5,0.5,0.5403067913062407,0.5403067913062407,0.5,0.5,0.5483122735398587,0.5483122735398587,0.5419323658137479,0.5419323658137479,0.5,0.5,0.5,0.5,0.5,0.5,0.5,0.5,0.5,0.5,0.5,0.5,0.5,0.5,0.5,0.5,0.5,0.5,0.8,0.8,0.5,0.5,0.5,0.5,0.5,0.5,0.5,0.5,0.5267306120069396,0.5267306120069396,0.5,0.5,0.5,0.5,0.5,0.5,0.5,0.5,0.5,0.5,0.5,0.5,0.5,0.5,0.5463359386283709,0.5463359386283709,0.5,0.5,0.5,0.5,0.5,0.5,0.5,0.5,0.5,0.5,0.5,0.5,0.5,0.5,0.5350492208919965,0.5350492208919965,0.5,0.5,0.5,0.5,0.5265050021848829,0.5265050021848829,0.5,0.5,0.5,0.5,0.5,0.5,0.5,0.5,0.5,0.5,0.5,0.5,0.5,0.5,0.5217187896550891,0.5217187896550891,0.5,0.5,
"Generation 78",0.5,0.5,0.5,0.5,0.5253860161567432,0.5253860161567432,0.5,0.5,0.5,0.5,0.5,0.5,0.5,0.5,0.5,0.5,0.5,0.5,0.5,0.5,0.5,0.5,0.5,0.5,0.5,0.5,0.5,0.5,0.5,0.5,0.5,0.5,0.535640559713572,0.535640559713572,0.5,0.5,0.5297294721410252,0.5297294721410252,0.5,0.5,0.5,0.5,0.5,0.5,0.5,0.5,0.5,0.5,0.5,0.5,0.5498010718752186,0.5498010718752186,0.5,0.5,0.5,0.5,0.5,0.5,0.5,0.5,0.5458032954768928,0.5458032954768928,0.5,0.5,0.540935312617691,0.540935312617691,0.5,0.5,0.5,0.5,0.5301634056166139,0.5301634056166139,0.5,0.5,0.5230452113930566,0.5230452113930566,0.5,0.5,0.5,0.5,0.5,0.5,0.5,0.5,0.5,0.5,0.5,0.5,0.5,0.5,0.5,0.5,0.5,0.5,0.5218633574858093,0.5218633574858093,0.5,0.5,0.5,0.5,
"Generation 79",0.5,0.5,0.514981501599689,0.514981501599689,0.5,0.5,0.5,0.5,0.5,0.5,0.8,0.8,0.5,0.5,0.5,0.5,0.5,0.5,0.5,0.5,0.5,0.5,0.5,0.5,0.5,0.5,0.5309930180713323,0.5309930180713323,0.5,0.5,0.5,0.5,0.8,0.8,0.5,0.5,0.5,0.5,0.5,0.5,0.5,0.5,0.5,0.5,0.5,0.5,0.5,0.5,0.5,0.5,0.5498010718752186,0.5498010718752186,0.5,0.5,0.5,0.5,0.5,0.5,0.5,0.5,0.8,0.8,0.5,0.5,0.5,0.5,0.5,0.5,0.5,0.5,0.5,0.5,0.5,0.5,0.5,0.5,0.5,0.5,0.5,0.5,0.5,0.5,0.5,0.5,0.5,0.5,0.5,0.5,0.5,0.5,0.5274984588404946,0.5274984588404946,0.8,0.8,0.5,0.5,0.5,0.5,0.8,0.8,
"Generation 80",0.5,0.5,0.5,0.5,0.5,0.5,0.5135937431738179,0.5135937431738179,0.5,0.5,0.5,0.5,0.5,0.5,0.5197739681786958,0.5197739681786958,0.5,0.5,0.5,0.5,0.5,0.5,0.5,0.5,0.5,0.5,0.5,0.5,0.5,0.5,0.5,0.5,0.5,0.5,0.5,0.5,0.5,0.5,0.5,0.5,0.5,0.5,0.5477076874382673,0.5477076874382673,0.5,0.5,0.5,0.5,0.5,0.5,0.5,0.5,0.5,0.5,0.5,0.5,0.5,0.5,0.5,0.5,0.5471256933330026,0.5471256933330026,0.5,0.5,0.5,0.5,0.5,0.5,0.5,0.5,0.5257931882586449,0.5257931882586449,0.5,0.5,0.5404810652387328,0.5404810652387328,0.5,0.5,0.5,0.5,0.5,0.5,0.5,0.5,0.5,0.5,0.5,0.5,0.5,0.5,0.5,0.5,0.5,0.5,0.5,0.5,0.5,0.5,0.5,0.5,
"Generation 81",0.5,0.5,0.5,0.5,0.528971043298476,0.528971043298476,0.5,0.5,0.5411579960158475,0.5411579960158475,0.5,0.5,0.5,0.5,0.5,0.5,0.5,0.5,0.5244943635928441,0.5244943635928441,0.5,0.5,0.5,0.5,0.5,0.5,0.5,0.5,0.5,0.5,0.5,0.5,0.5,0.5,0.5,0.5,0.5,0.5,0.5407272411084967,0.5407272411084967,0.5344375934691352,0.5344375934691352,0.5314860358160325,0.5314860358160325,0.5,0.5,0.5,0.5,0.5,0.5,0.5251823285749355,0.5251823285749355,0.5,0.5,0.5327376167047215,0.5327376167047215,0.5,0.5,0.5,0.5,0.5168411648421556,0.5168411648421556,0.5,0.5,0.5,0.5,0.5,0.5,0.8,0.8,0.5,0.5,0.5,0.5,0.5,0.5,0.5,0.5,0.5,0.5,0.5,0.5,0.5,0.5,0.5,0.5,0.5,0.5,0.5,0.5,0.5,0.5,0.5,0.5,0.5,0.5,0.5,0.5,0.5,0.5,
"Generation 82",0.5,0.5,0.5,0.5,0.5,0.5,0.5,0.5,0.5,0.5,0.5,0.5,0.5,0.5,0.5,0.5,0.5,0.5,0.5359425895036855,0.5359425895036855,0.5,0.5,0.5443713213694673,0.5443713213694673,0.5,0.5,0.5,0.5,0.5,0.5,0.5,0.5,0.5,0.5,0.5,0.5,0.5,0.5,0.5,0.5,0.8,0.8,0.5,0.5,0.5,0.5,0.5,0.5,0.5,0.5,0.5,0.5,0.5,0.5,0.5,0.5,0.5,0.5,0.5,0.5,0.5,0.5,0.5,0.5,0.5327169547078106,0.5327169547078106,0.5,0.5,0.5,0.5,0.5,0.5,0.5418474649712611,0.5418474649712611,0.5,0.5,0.515318146251061,0.515318146251061,0.5,0.5,0.5,0.5,0.5,0.5,0.5,0.5,0.5,0.5,0.5,0.5,0.5,0.5,0.5,0.5,0.5,0.5,0.5,0.5,0.5,0.5,
"Generation 83",0.5,0.5,0.5416031403961195,0.5416031403961195,0.5,0.5,0.5,0.5,0.5,0.5,0.5356555031785764,0.5356555031785764,0.5247999540432227,0.5247999540432227,0.5,0.5,0.5,0.5,0.5,0.5,0.5192515133252626,0.5192515133252626,0.5,0.5,0.5,0.5,0.5,0.5,0.5,0.5,0.5,0.5,0.5,0.5,0.5,0.5,0.5206065250149989,0.5206065250149989,0.5,0.5,0.5,0.5,0.5337051018439165,0.5337051018439165,0.5,0.5,0.5,0.5,0.5377907383912938,0.5377907383912938,0.5,0.5,0.5,0.5,0.5,0.5,0.5,0.5,0.5,0.5,0.5,0.5,0.5,0.5,0.5,0.5,0.5,0.5,0.5,0.5,0.5,0.5,0.5,0.5,0.5141216702673725,0.5141216702673725,0.5,0.5,0.5,0.5,0.5,0.5,0.5,0.5,0.5,0.5,0.5,0.5,0.5,0.5,0.5,0.5,0.5,0.5,0.5,0.5,0.5,0.5,0.5,0.5,
"Generation 84",0.5,0.5,0.5,0.5,0.5,0.5,0.5,0.5,0.5,0.5,0.5,0.5,0.5,0.5,0.5,0.5,0.5,0.5,0.5,0.5,0.5,0.5,0.5,0.5,0.5,0.5,0.5,0.5,0.5,0.5,0.5,0.5,0.5,0.5,0.5273354980359111,0.5273354980359111,0.5,0.5,0.5,0.5,0.5268213260663321,0.5268213260663321,0.5,0.5,0.5,0.5,0.5,0.5,0.5,0.5,0.5,0.5,0.5,0.5,0.5461135981322357,0.5461135981322357,0.5,0.5,0.5,0.5,0.5,0.5,0.5469763465177098,0.5469763465177098,0.5,0.5,0.5,0.5,0.5,0.5,0.5,0.5,0.5,0.5,0.5243212816038412,0.5243212816038412,0.5,0.5,0.5,0.5,0.5,0.5,0.5,0.5,0.5,0.5,0.5,0.5,0.5335993809749269,0.5335993809749269,0.5,0.5,0.5,0.5,0.5,0.5,0.5,0.5,0.542382068315977,0.542382068315977,
"Generation 85",0.5,0.5,0.5,0.5,0.5,0.5,0.5,0.5,0.5,0.5,0.5,0.5,0.5,0.5,0.5,0.5,0.5,0.5,0.5,0.5,0.5128784499337478,0.5128784499337478,0.5,0.5,0.5,0.5,0.5,0.5,0.5184854074624814,0.5184854074624814,0.5,0.5,0.5,0.5,0.5,0.5,0.5,0.5,0.5198037942839564,0.5198037942839564,0.5,0.5,0.5266073547066059,0.5266073547066059,0.5,0.5,0.5,0.5,0.5,0.5,0.53099091060346,0.53099091060346,0.5,0.5,0.5,0.5,0.5,0.5,0.5,0.5,0.5,0.5,0.5,0.5,0.8,0.8,0.5131093041810527,0.5131093041810527,0.5,0.5,0.5,0.5,0.5,0.5,0.5,0.5,0.5,0.5,0.5,0.5,0.5,0.5,0.5,0.5,0.5,0.5,0.5,0.5,0.5,0.5,0.5,0.5,0.5,0.5,0.5,0.5,0.5,0.5,0.5,0.5,
"Generation 86",0.8,0.8,0.5217132352060392,0.5217132352060392,0.5,0.5,0.5,0.5,0.5,0.5,0.5,0.5,0.5,0.5,0.5,0.5,0.5,0.5,0.5,0.5,0.5,0.5,0.5,0.5,0.5,0.5,0.5,0.5,0.523287538263906,0.523287538263906,0.5,0.5,0.5,0.5,0.5,0.5,0.5,0.5,0.5,0.5,0.5,0.5,0.8,0.8,0.5292032692634263,0.5292032692634263,0.5,0.5,0.5,0.5,0.5,0.5,0.5,0.5,0.5,0.5,0.5,0.5,0.5,0.5,0.5110280759490884,0.5110280759490884,0.5,0.5,0.5,0.5,0.5,0.5,0.5,0.5,0.5,0.5,0.5,0.5,0.5,0.5,0.5,0.5,0.5,0.5,0.5,0.5,0.5,0.5,0.5,0.5,0.5,0.5,0.5259178761779443,0.5259178761779443,0.5,0.5,0.5446920590738072,0.5446920590738072,0.5,0.5,0.5475451405962277,0.5475451405962277,0.5,0.5,
"Generation 87",0.5,0.5,0.5,0.5,0.5,0.5,0.5,0.5,0.5,0.5,0.5,0.5,0.5,0.5,0.5,0.5,0.5,0.5,0.5379525901480912,0.5379525901480912,0.5,0.5,0.5,0.5,0.5,0.5,0.5,0.5,0.5,0.5,0.5,0.5,0.5,0.5,0.5,0.5,0.529552048314037,0.529552048314037,0.5,0.5,0.5,0.5,0.5383183312102389,0.5383183312102389,0.5,0.5,0.5,0.5,0.5,0.5,0.5,0.5,0.5,0.5,0.5,0.5,0.5,0.5,0.5,0.5,0.5,0.5,0.5,0.5,0.5,0.5,0.5,0.5,0.5,0.5,0.5,0.5,0.5,0.5,0.5,0.5,0.5,0.5,0.5221742200074608,0.5221742200074608,0.5,0.5,0.5,0.5,0.5,0.5,0.5,0.5,0.5,0.5,0.5,0.5,0.5,0.5,0.5,0.5,0.5,0.5,0.5,0.5,
"Generation 88",0.5,0.5,0.5,0.5,0.5,0.5,0.8,0.8,0.5,0.5,0.5,0.5,0.5,0.5,0.5,0.5,0.5,0.5,0.5,0.5,0.5,0.5,0.5488497807834767,0.5488497807834767,0.5,0.5,0.5,0.5,0.8,0.8,0.5,0.5,0.5,0.5,0.5096671794550844,0.5096671794550844,0.5,0.5,0.5,0.5,0.5,0.5,0.5383183312102389,0.5383183312102389,0.536678955012803,0.536678955012803,0.5,0.5,0.5,0.5,0.5,0.5,0.5,0.5,0.5,0.5,0.5,0.5,0.5,0.5,0.5,0.5,0.5,0.5,0.5,0.5,0.5,0.5,0.5,0.5,0.5,0.5,0.5,0.5,0.5,0.5,0.5,0.5,0.5,0.5,0.5,0.5,0.5,0.5,0.5355352232976935,0.5355352232976935,0.5,0.5,0.5,0.5,0.5,0.5,0.5334156485959611,0.5334156485959611,0.5,0.5,0.5,0.5,0.5,0.5,
"Generation 89",0.5,0.5,0.5,0.5,0.5,0.5,0.5352148759939818,0.5352148759939818,0.5,0.5,0.8,0.8,0.5,0.5,0.5,0.5,0.5,0.5,0.5,0.5,0.5,0.5,0.8,0.8,0.5,0.5,0.5,0.5,0.5,0.5,0.5423873979886815,0.5423873979886815,0.5,0.5,0.5233335976761184,0.5233335976761184,0.5,0.5,0.5,0.5,0.5,0.5,0.5,0.5,0.5,0.5,0.5,0.5,0.5,0.5,0.5,0.5,0.5,0.5,0.5,0.5,0.5,0.5,0.5,0.5,0.5,0.5,0.5,0.5,0.5,0.5,0.5278730735243129,0.5278730735243129,0.5,0.5,0.5,0.5,0.5,0.5,0.5,0.5,0.5,0.5,0.5,0.5,0.5,0.5,0.5,0.5,0.5,0.5,0.5,0.5,0.5,0.5,0.5,0.5,0.5,0.5,0.5,0.5,0.5,0.5,0.5388017720061561,0.5388017720061561,
"Generation 90",0.5,0.5,0.5,0.5,0.5,0.5,0.5,0.5,0.5,0.5,0.5,0.5,0.5408310155020835,0.5408310155020835,0.5453115599265952,0.5453115599265952,0.5205109486139669,0.5205109486139669,0.5,0.5,0.5,0.5,0.5,0.5,0.5,0.5,0.5284162201593854,0.5284162201593854,0.5,0.5,0.5,0.5,0.5,0.5,0.5,0.5,0.8,0.8,0.528116093892592,0.528116093892592,0.5,0.5,0.5,0.5,0.5,0.5,0.5,0.5,0.5,0.5,0.5,0.5,0.5,0.5,0.5,0.5,0.5416446673075943,0.5416446673075943,0.5,0.5,0.5,0.5,0.5,0.5,0.5,0.5,0.5,0.5,0.5,0.5,0.5,0.5,0.5446536834876444,0.5446536834876444,0.5,0.5,0.5,0.5,0.5,0.5,0.5,0.5,0.5,0.5,0.5,0.5,0.5,0.5,0.5,0.5,0.5,0.5,0.5,0.5,0.5,0.5,0.5,0.5,0.5,0.5,
"Generation 91",0.5,0.5,0.5,0.5,0.5,0.5,0.5,0.5,0.5,0.5,0.5,0.5,0.5,0.5,0.5,0.5,0.5,0.5,0.5,0.5,0.5,0.5,0.5,0.5,0.5,0.5,0.5,0.5,0.5,0.5,0.5,0.5,0.5,0.5,0.5,0.5,0.5,0.5,0.8,0.8,0.5,0.5,0.5,0.5,0.5,0.5,0.5197001376327465,0.5197001376327465,0.5,0.5,0.5,0.5,0.5,0.5,0.5,0.5,0.5,0.5,0.5383599030593056,0.5383599030593056,0.5,0.5,0.5,0.5,0.5,0.5,0.5440952742745212,0.5440952742745212,0.5,0.5,0.5294076577690376,0.5294076577690376,0.5,0.5,0.5,0.5,0.5,0.5,0.5,0.5,0.5,0.5,0.5,0.5,0.5,0.5,0.5,0.5,0.5,0.5,0.5,0.5,0.5,0.5,0.5,0.5,0.5335917771532248,0.5335917771532248,0.5,0.5,
"Generation 92",0.5400612397150679,0.5400612397150679,0.5,0.5,0.5,0.5,0.5,0.5,0.5,0.5,0.5,0.5,0.5,0.5,0.5,0.5,0.5,0.5,0.5,0.5,0.5,0.5,0.5,0.5,0.5403945115053698,0.5403945115053698,0.5,0.5,0.5,0.5,0.8,0.8,0.5,0.5,0.5,0.5,0.5,0.5,0.5,0.5,0.5,0.5,0.8,0.8,0.5,0.5,0.5,0.5,0.5,0.5,0.8,0.8,0.5,0.5,0.5,0.5,0.5308244649247624,0.5308244649247624,0.5,0.5,0.5,0.5,0.5419035415823608,0.5419035415823608,0.5,0.5,0.5,0.5,0.5,0.5,0.5,0.5,0.5,0.5,0.5,0.5,0.8,0.8,0.5,0.5,0.5,0.5,0.5,0.5,0.5,0.5,0.5,0.5,0.5,0.5,0.5,0.5,0.5,0.5,0.5,0.5,0.8,0.8,0.5486734140315537,0.5486734140315537,
"Generation 93",0.5327077680260968,0.5327077680260968,0.5212418821368239,0.5212418821368239,0.5,0.5,0.5,0.5,0.5,0.5,0.5499746119966078,0.5499746119966078,0.533692297924409,0.533692297924409,0.5,0.5,0.5,0.5,0.5,0.5,0.5,0.5,0.5364394024807394,0.5364394024807394,0.5360042928319114,0.5360042928319114,0.5,0.5,0.5,0.5,0.5,0.5,0.5,0.5,0.5,0.5,0.5,0.5,0.5,0.5,0.5,0.5,0.5,0.5,0.5,0.5,0.5,0.5,0.5216190512792613,0.5216190512792613,0.5,0.5,0.5,0.5,0.5,0.5,0.5,0.5,0.5,0.5,0.5,0.5,0.5,0.5,0.5,0.5,0.5,0.5,0.5325070228917563,0.5325070228917563,0.5,0.5,0.5,0.5,0.5,0.5,0.5,0.5,0.5,0.5,0.5,0.5,0.5,0.5,0.5085462295653467,0.5085462295653467,0.5,0.5,0.5,0.5,0.5,0.5,0.8,0.8,0.5,0.5,0.5,0.5,0.5,0.5,
"Generation 94",0.5,0.5,0.5,0.5,0.5,0.5,0.5,0.5,0.5,0.5,0.5,0.5,0.5,0.5,0.5,0.5,0.5,0.5,0.5,0.5,0.5,0.5,0.5,0.5,0.5,0.5,0.5355838976500726,0.5355838976500726,0.5,0.5,0.5,0.5,0.5,0.5,0.5,0.5,0.5,0.5,0.5,0.5,0.5,0.5,0.5,0.5,0.5,0.5,0.5,0.5,0.5,0.5,0.5,0.5,0.5,0.5,0.5,0.5,0.5,0.5,0.5,0.5,0.5,0.5,0.5,0.5,0.5,0.5,0.5314742462291603,0.5314742462291603,0.5,0.5,0.5,0.5,0.5,0.5,0.5,0.5,0.5402142853841616,0.5402142853841616,0.5,0.5,0.5,0.5,0.527622174882979,0.527622174882979,0.5,0.5,0.5248034561110733,0.5248034561110733,0.5,0.5,0.5,0.5,0.5482962626614379,0.5482962626614379,0.5306498728598195,0.5306498728598195,0.5,0.5,0.5,0.5,
"Generation 95",0.5,0.5,0.5,0.5,0.5,0.5,0.5,0.5,0.5,0.5,0.5,0.5,0.5,0.5,0.5,0.5,0.5,0.5,0.5,0.5,0.5,0.5,0.5,0.5,0.5,0.5,0.5,0.5,0.5,0.5,0.5,0.5,0.5,0.5,0.5,0.5,0.5,0.5,0.5428640912284267,0.5428640912284267,0.5,0.5,0.5,0.5,0.5,0.5,0.5175911788824192,0.5175911788824192,0.5,0.5,0.5,0.5,0.5,0.5,0.5,0.5,0.5464110753445021,0.5464110753445021,0.5,0.5,0.5,0.5,0.5,0.5,0.5168204294759118,0.5168204294759118,0.5,0.5,0.5249569407859797,0.5249569407859797,0.5,0.5,0.5,0.5,0.5,0.5,0.5,0.5,0.5,0.5,0.5,0.5,0.5230435385692247,0.5230435385692247,0.5,0.5,0.5,0.5,0.5,0.5,0.5,0.5,0.8,0.8,0.5,0.5,0.5205878675821471,0.5205878675821471,0.8,0.8,
"Generation 96",0.5,0.5,0.5306917463383373,0.5306917463383373,0.5,0.5,0.5486593155509172,0.5486593155509172,0.5,0.5,0.5,0.5,0.5,0.5,0.5,0.5,0.5,0.5,0.5,0.5,0.5,0.5,0.5,0.5,0.5,0.5,0.5,0.5,0.5,0.5,0.5,0.5,0.519659719332202,0.519659719332202,0.5,0.5,0.5,0.5,0.8,0.8,0.5,0.5,0.5,0.5,0.5,0.5,0.5,0.5,0.5,0.5,0.5,0.5,0.5,0.5,0.5,0.5,0.5,0.5,0.5419765607418081,0.5419765607418081,0.5,0.5,0.5464247785862101,0.5464247785862101,0.5,0.5,0.5,0.5,0.5,0.5,0.5278418514740636,0.5278418514740636,0.5,0.5,0.5,0.5,0.5,0.5,0.5,0.5,0.5494067332852548,0.5494067332852548,0.5,0.5,0.5305882326791936,0.5305882326791936,0.5,0.5,0.5270625508182781,0.5270625508182781,0.5454105183977143,0.5454105183977143,0.8,0.8,0.5,0.5,0.5,0.5,0.5,0.5,
"Generation 97",0.5,0.5,0.5,0.5,0.5,0.5,0.5487547988303052,0.5487547988303052,0.5,0.5,0.5,0.5,0.5,0.5,0.5,0.5,0.5,0.5,0.8,0.8,0.5,0.5,0.5345565112355128,0.5345565112355128,0.5,0.5,0.5,0.5,0.5,0.5,0.5378893668279647,0.5378893668279647,0.5,0.5,0.5199651874598622,0.5199651874598622,0.5,0.5,0.5,0.5,0.5,0.5,0.5,0.5,0.5352378308164618,0.5352378308164618,0.5427784319929326,0.5427784319929326,0.5,0.5,0.5,0.5,0.5,0.5,0.5,0.5,0.5390423872417844,0.5390423872417844,0.5,0.5,0.5,0.5,0.5,0.5,0.5,0.5,0.5,0.5,0.5,0.5,0.5,0.5,0.5,0.5,0.5,0.5,0.5290348120819953,0.5290348120819953,0.5,0.5,0.5,0.5,0.5,0.5,0.5,0.5,0.5,0.5,0.5380466277782635,0.5380466277782635,0.5,0.5,0.5,0.5,0.5,0.5,0.5,0.5,0.5,0.5,
"Generation 98",0.5,0.5,0.549809021614844,0.549809021614844,0.5,0.5,0.5,0.5,0.5,0.5,0.5,0.5,0.5,0.5,0.5,0.5,0.5,0.5,0.5,0.5,0.5347643304867997,0.5347643304867997,0.5,0.5,0.5,0.5,0.8,0.8,0.5489977684991891,0.5489977684991891,0.5330309690617743,0.5330309690617743,0.5,0.5,0.5241436114905312,0.5241436114905312,0.5,0.5,0.5,0.5,0.5,0.5,0.5,0.5,0.5439801736590661,0.5439801736590661,0.5,0.5,0.5,0.5,0.5,0.5,0.5,0.5,0.5,0.5,0.5,0.5,0.5,0.5,0.5,0.5,0.5,0.5,0.5,0.5,0.5,0.5,0.5,0.5,0.5,0.5,0.5,0.5,0.5,0.5,0.5,0.5,0.5366388592497623,0.5366388592497623,0.5431299809771497,0.5431299809771497,0.5,0.5,0.5,0.5,0.5,0.5,0.5,0.5,0.5,0.5,0.5,0.5,0.5,0.5,0.5397410043368314,0.5397410043368314,0.5,0.5,
"Generation 99",0.5,0.5,0.8,0.8,0.5,0.5,0.5,0.5,0.5,0.5,0.5,0.5,0.5,0.5,0.5,0.5,0.5,0.5,0.5,0.5,0.5,0.5,0.5,0.5,0.546678355923429,0.546678355923429,0.5,0.5,0.5,0.5,0.5,0.5,0.5,0.5,0.5,0.5,0.5,0.5,0.5,0.5,0.5,0.5,0.5421833910089805,0.5421833910089805,0.5,0.5,0.5,0.5,0.5,0.5,0.5,0.5,0.5453630568659928,0.5453630568659928,0.5,0.5,0.5466814249892001,0.5466814249892001,0.5,0.5,0.5,0.5,0.5223869577782612,0.5223869577782612,0.5,0.5,0.5,0.5,0.5,0.5,0.5204281846274907,0.5204281846274907,0.5380968655820518,0.5380968655820518,0.5,0.5,0.5,0.5,0.5,0.5,0.5,0.5,0.5,0.5,0.5476453477874987,0.5476453477874987,0.5133657286946833,0.5133657286946833,0.5,0.5,0.5214832013416,0.5214832013416,0.5,0.5,0.5,0.5,0.5,0.5,0.5,0.5,
